Date,Est. earnings (USD),Observed eCPM (USD),Requests,Match rate (%) (%),Matched requests,Show rate (%) (%),Impressions,CTR (%) (%),Clicks,Bid requests,Bids in auction (%),Bids in auction,Winning bids (%),Winning bids
2020-09-10,$0.00,0,21,0.00%,0,,0,,0,0,,0,,0
2020-09-11,$0.00,0,30,0.00%,0,,0,,0,0,,0,,0
2020-09-15,$0.00,0.25,10,100.00%,10,90.00%,9,0.00%,0,0,,0,,0
2020-12-18,$0.03,6.59,17,100.00%,17,29.41%,5,0.00%,0,0,,0,,0
2020-12-19,$0.22,22.34,56,100.00%,56,17.86%,10,0.00%,0,0,,0,,0
2020-12-20,$0.18,9.01,69,100.00%,69,28.99%,20,0.00%,0,0,,0,,0
2020-12-21,$0.43,7.92,131,100.00%,131,41.22%,54,1.85%,1,0,,0,,0
2020-12-22,$0.24,5.77,124,100.00%,124,33.06%,41,0.00%,0,0,,0,,0
2020-12-23,$0.27,17.94,158,100.00%,158,9.49%,15,6.67%,1,0,,0,,0
2020-12-24,$0.13,7.94,258,100.00%,258,6.59%,17,11.76%,2,0,,0,,0
2020-12-25,$0.09,4.57,208,100.00%,208,9.62%,20,0.00%,0,0,,0,,0
2020-12-26,$0.20,4.01,244,100.00%,244,20.90%,51,1.96%,1,0,,0,,0
2020-12-27,$0.24,5.88,283,100.00%,283,14.13%,40,15.00%,6,0,,0,,0
2020-12-28,$0.03,3.67,159,100.00%,159,5.03%,8,0.00%,0,0,,0,,0
2020-12-29,$0.02,2.12,152,100.00%,152,6.58%,10,10.00%,1,0,,0,,0
2020-12-30,$0.28,13.81,134,100.00%,134,14.93%,20,0.00%,0,0,,0,,0
2020-12-31,$0.06,2,134,100.00%,134,21.64%,29,0.00%,0,0,,0,,0
2021-01-01,$0.10,4.33,130,100.00%,130,18.46%,24,12.50%,3,0,,0,,0
2021-01-02,$0.06,2.93,137,100.00%,137,13.87%,19,0.00%,0,0,,0,,0
2021-01-03,$0.19,6.39,180,100.00%,180,16.67%,30,6.67%,2,0,,0,,0
2021-01-04,$0.36,11.36,148,100.00%,148,21.62%,32,6.25%,2,0,,0,,0
2021-01-05,$0.09,3.94,143,100.00%,143,16.08%,23,4.35%,1,0,,0,,0
2021-01-06,$0.13,6.46,132,100.00%,132,15.15%,20,10.00%,2,0,,0,,0
2021-01-07,$0.05,3.95,98,100.00%,98,13.27%,13,7.69%,1,0,,0,,0
2021-01-08,$0.51,7.8,323,100.00%,323,20.43%,66,13.64%,9,0,,0,,0
2021-01-09,$0.40,3.27,424,98.58%,418,29.43%,123,9.76%,12,0,,0,,0
2021-01-10,$0.61,4.57,451,100.00%,451,29.49%,133,6.77%,9,0,,0,,0
2021-01-11,$0.27,4.92,237,100.00%,237,22.78%,54,3.70%,2,0,,0,,0
2021-01-12,$0.27,4.84,237,100.00%,237,23.21%,55,16.36%,9,0,,0,,0
2021-01-13,$0.16,4.59,213,100.00%,213,16.43%,35,2.86%,1,0,,0,,0
2021-01-14,$0.11,4.61,215,100.00%,215,10.70%,23,13.04%,3,0,,0,,0
2021-01-15,$0.12,4.77,258,96.90%,250,10.40%,26,11.54%,3,0,,0,,0
2021-01-16,$0.26,6.15,273,99.27%,271,15.50%,42,42.86%,18,0,,0,,0
2021-01-17,$0.55,4.39,377,100.00%,377,33.42%,126,4.76%,6,0,,0,,0
2021-01-18,$0.14,5.56,283,100.00%,283,9.19%,26,38.46%,10,0,,0,,0
2021-01-19,$0.15,7.57,263,100.00%,263,7.60%,20,5.00%,1,0,,0,,0
2021-01-20,$0.12,3.97,299,100.00%,299,9.70%,29,24.14%,7,0,,0,,0
2021-01-21,$0.14,8.8,231,100.00%,231,6.93%,16,43.75%,7,0,,0,,0
2021-01-22,$0.05,2.89,264,100.00%,264,7.20%,19,10.53%,2,0,,0,,0
2021-01-23,$0.18,4.24,258,99.61%,257,16.34%,42,16.67%,7,0,,0,,0
2021-01-24,$0.13,5.87,266,100.00%,266,8.27%,22,0.00%,0,0,,0,,0
2021-01-25,$0.19,7.82,269,100.00%,269,8.92%,24,54.17%,13,0,,0,,0
2021-01-26,$0.25,10.08,309,100.00%,309,8.09%,25,4.00%,1,0,,0,,0
2021-01-27,$0.36,10.51,268,98.88%,265,12.83%,34,11.76%,4,0,,0,,0
2021-01-28,$0.16,6.12,337,85.76%,289,9.00%,26,3.85%,1,0,,0,,0
2021-01-29,$0.04,5.42,185,100.00%,185,4.32%,8,0.00%,0,0,,0,,0
2021-01-30,$0.05,3.48,174,100.00%,174,8.62%,15,13.33%,2,0,,0,,0
2021-01-31,$0.09,4.28,217,100.00%,217,9.68%,21,4.76%,1,0,,0,,0
2021-02-01,$0.63,16.52,297,98.99%,294,12.93%,38,5.26%,2,0,,0,,0
2021-02-02,$0.70,20.13,352,96.59%,340,10.29%,35,2.86%,1,0,,0,,0
2021-02-03,$0.16,7.6,402,95.27%,383,5.48%,21,23.81%,5,0,,0,,0
2021-02-04,$0.09,13.02,354,77.97%,276,2.54%,7,0.00%,0,0,,0,,0
2021-02-05,$0.11,9.9,201,100.00%,201,5.47%,11,0.00%,0,0,,0,,0
2021-02-06,$0.31,13.01,195,100.00%,195,12.31%,24,25.00%,6,0,,0,,0
2021-02-07,$0.02,3.87,201,100.00%,201,2.99%,6,0.00%,0,0,,0,,0
2021-02-08,$0.19,9.64,279,99.28%,277,7.22%,20,5.00%,1,0,,0,,0
2021-02-09,$0.32,11.29,259,100.00%,259,10.81%,28,25.00%,7,0,,0,,0
2021-02-10,$0.14,4.29,270,99.26%,268,12.31%,33,0.00%,0,0,,0,,0
2021-02-11,$0.24,8.07,333,100.00%,333,9.01%,30,0.00%,0,0,,0,,0
2021-02-12,$0.29,8.96,306,100.00%,306,10.46%,32,3.12%,1,0,,0,,0
2021-02-13,$0.20,3.77,420,99.05%,416,12.74%,53,0.00%,0,0,,0,,0
2021-02-14,$0.22,4.87,329,100.00%,329,13.98%,46,6.52%,3,0,,0,,0
2021-02-15,$0.07,2.44,242,100.00%,242,11.16%,27,0.00%,0,0,,0,,0
2021-02-16,$0.16,4.11,597,53.94%,322,11.80%,38,0.00%,0,0,,0,,0
2021-02-17,$0.14,4.11,355,99.44%,353,9.63%,34,2.94%,1,0,,0,,0
2021-02-18,$0.14,7.14,282,100.00%,282,7.09%,20,0.00%,0,0,,0,,0
2021-02-19,$0.25,5.85,361,99.17%,358,11.73%,42,0.00%,0,0,,0,,0
2021-02-20,$0.09,2.12,387,99.74%,386,11.14%,43,2.33%,1,0,,0,,0
2021-02-21,$0.41,13.07,350,100.00%,350,8.86%,31,12.90%,4,0,,0,,0
2021-02-22,$0.28,12.2,331,99.70%,330,6.97%,23,8.70%,2,0,,0,,0
2021-02-23,$0.09,2.11,387,100.00%,387,11.11%,43,2.33%,1,0,,0,,0
2021-02-24,$1.11,14.47,370,100.00%,370,20.81%,77,0.00%,0,0,,0,,0
2021-02-25,$0.37,4.86,395,100.00%,395,19.24%,76,1.32%,1,0,,0,,0
2021-02-26,$0.45,8.91,348,98.28%,342,14.62%,50,0.00%,0,0,,0,,0
2021-02-27,$0.08,1.16,464,99.78%,463,15.77%,73,2.74%,2,0,,0,,0
2021-02-28,$0.73,9.76,441,100.00%,441,17.01%,75,0.00%,0,0,,0,,0
2021-03-01,$0.30,4.92,385,97.40%,375,16.00%,60,0.00%,0,0,,0,,0
2021-03-02,$0.13,2.84,461,100.00%,461,9.54%,44,2.27%,1,0,,0,,0
2021-03-03,$0.58,4.69,546,98.90%,540,22.96%,124,5.65%,7,0,,0,,0
2021-03-04,$0.18,1.45,465,100.00%,465,26.67%,124,0.00%,0,0,,0,,0
2021-03-05,$0.26,2.49,1307,39.17%,512,20.70%,106,1.89%,2,0,,0,,0
2021-03-06,$0.22,4.21,453,100.00%,453,11.70%,53,1.89%,1,0,,0,,0
2021-03-07,$0.23,2.67,535,100.00%,535,15.89%,85,1.18%,1,0,,0,,0
2021-03-08,$1.44,7.36,666,97.15%,647,30.29%,196,1.53%,3,0,,0,,0
2021-03-09,$0.19,1.11,824,76.46%,630,27.46%,173,0.58%,1,0,,0,,0
2021-03-10,$0.25,2.23,542,98.52%,534,20.97%,112,0.89%,1,0,,0,,0
2021-03-11,$0.59,7.17,444,100.00%,444,18.47%,82,2.44%,2,0,,0,,0
2021-03-12,$0.39,5.33,526,100.00%,526,13.88%,73,1.37%,1,0,,0,,0
2021-03-13,$0.49,4.73,553,99.82%,552,18.84%,104,0.00%,0,0,,0,,0
2021-03-14,$0.18,4.13,393,99.75%,392,11.22%,44,0.00%,0,0,,0,,0
2021-03-15,$0.25,6.9,368,100.00%,368,9.78%,36,0.00%,0,0,,0,,0
2021-03-16,$0.62,8.86,426,98.83%,421,16.63%,70,2.86%,2,0,,0,,0
2021-03-17,$0.16,2.18,391,100.00%,391,18.41%,72,4.17%,3,0,,0,,0
2021-03-18,$0.44,8.87,466,100.00%,466,10.73%,50,14.00%,7,0,,0,,0
2021-03-19,$0.22,2.17,593,97.47%,578,17.30%,100,0.00%,0,0,,0,,0
2021-03-20,$0.15,2.03,398,100.00%,398,18.34%,73,0.00%,0,0,,0,,0
2021-03-21,$0.43,7.07,413,100.00%,413,14.77%,61,0.00%,0,0,,0,,0
2021-03-22,$0.41,4.37,483,98.55%,476,19.75%,94,0.00%,0,0,,0,,0
2021-03-23,$1.01,8.82,543,100.00%,543,21.18%,115,1.74%,2,0,,0,,0
2021-03-24,$0.56,3.42,636,99.37%,632,25.95%,164,1.83%,3,0,,0,,0
2021-03-25,$0.30,2.72,571,100.00%,571,19.44%,111,1.80%,2,0,,0,,0
2021-03-26,$0.46,8.31,477,100.00%,477,11.53%,55,7.27%,4,0,,0,,0
2021-03-27,$0.53,6.23,522,99.23%,518,16.41%,85,8.24%,7,0,,0,,0
2021-03-28,$0.70,6.64,716,99.02%,709,14.95%,106,0.00%,0,0,,0,,0
2021-03-29,$0.85,4.08,628,99.84%,627,33.17%,208,1.92%,4,0,,0,,0
2021-03-30,$0.76,3.51,802,100.00%,802,26.81%,215,2.79%,6,0,,0,,0
2021-03-31,$0.57,4.51,601,98.67%,593,21.42%,127,3.15%,4,0,,0,,0
2021-04-01,$0.90,8.09,562,99.29%,558,19.89%,111,7.21%,8,0,,0,,0
2021-04-02,$0.94,8.68,535,98.69%,528,20.45%,108,0.00%,0,0,,0,,0
2021-04-03,$0.53,4.27,604,100.00%,604,20.36%,123,0.00%,0,0,,0,,0
2021-04-04,$0.87,24.24,497,99.40%,494,7.29%,36,5.56%,2,0,,0,,0
2021-04-05,$0.90,12.64,520,100.00%,520,13.65%,71,1.41%,1,0,,0,,0
2021-04-06,$0.54,12.91,539,99.63%,537,7.82%,42,0.00%,0,0,,0,,0
2021-04-07,$0.52,7.56,557,100.00%,557,12.39%,69,14.49%,10,0,,0,,0
2021-04-08,$1.39,18.08,541,100.00%,541,14.23%,77,3.90%,3,0,,0,,0
2021-04-09,$1.43,16.84,572,97.55%,558,15.23%,85,1.18%,1,0,,0,,0
2021-04-10,$1.40,26.42,586,100.00%,586,9.04%,53,11.32%,6,0,,0,,0
2021-04-11,$1.01,16.32,625,99.36%,621,9.98%,62,0.00%,0,0,,0,,0
2021-04-12,$0.73,4.42,804,97.26%,782,21.23%,166,1.81%,3,0,,0,,0
2021-04-13,$1.06,10.01,672,98.51%,662,16.01%,106,28.30%,30,0,,0,,0
2021-04-14,$1.00,5.92,743,100.00%,743,22.75%,169,2.96%,5,0,,0,,0
2021-04-15,$0.73,6.87,662,99.70%,660,16.21%,107,2.80%,3,0,,0,,0
2021-04-16,$0.66,5.25,699,99.86%,698,18.05%,126,3.97%,5,0,,0,,0
2021-04-17,$1.00,7.64,805,99.88%,804,16.29%,131,3.05%,4,0,,0,,0
2021-04-18,$1.14,3.83,1042,98.08%,1022,29.16%,298,2.68%,8,0,,0,,0
2021-04-19,$0.36,3.92,572,99.83%,571,15.94%,91,2.20%,2,0,,0,,0
2021-04-20,$1.07,4.44,695,99.14%,689,35.12%,242,2.48%,6,0,,0,,0
2021-04-21,$0.65,6.46,525,100.00%,525,19.05%,100,11.00%,11,0,,0,,0
2021-04-22,$0.66,4.86,574,98.26%,564,23.94%,135,0.00%,0,0,,0,,0
2021-04-23,$0.57,4.14,622,98.39%,612,22.39%,137,1.46%,2,0,,0,,0
2021-04-24,$0.38,2.35,616,99.68%,614,26.55%,163,3.07%,5,0,,0,,0
2021-04-25,$0.25,1.95,566,97.53%,552,23.55%,130,3.08%,4,0,,0,,0
2021-04-26,$0.56,4.57,526,98.86%,520,23.46%,122,4.10%,5,0,,0,,0
2021-04-27,$0.57,5.36,485,98.35%,477,22.43%,107,0.00%,0,0,,0,,0
2021-04-28,$0.36,3.53,508,100.00%,508,20.08%,102,8.82%,9,0,,0,,0
2021-04-29,$0.40,2.91,572,98.78%,565,24.25%,137,1.46%,2,0,,0,,0
2021-04-30,$0.42,4.18,436,99.08%,432,23.15%,100,1.00%,1,0,,0,,0
2021-05-01,$0.69,6.03,470,99.57%,468,24.57%,115,4.35%,5,0,,0,,0
2021-05-02,$0.72,5.78,534,99.44%,531,23.35%,124,1.61%,2,0,,0,,0
2021-05-03,$0.61,5.46,481,100.00%,481,23.08%,111,3.60%,4,0,,0,,0
2021-05-04,$0.53,4.77,439,100.00%,439,25.51%,112,2.68%,3,0,,0,,0
2021-05-05,$0.48,8.48,516,100.00%,516,11.05%,57,15.79%,9,0,,0,,0
2021-05-06,$0.29,12.62,436,100.00%,436,5.28%,23,52.17%,12,0,,0,,0
2021-05-07,$0.18,3.17,404,99.26%,401,14.21%,57,0.00%,0,0,,0,,0
2021-05-08,$0.62,10.47,486,99.59%,484,12.19%,59,3.39%,2,0,,0,,0
2021-05-09,$0.43,3.8,495,98.38%,487,23.20%,113,2.65%,3,0,,0,,0
2021-05-10,$0.69,7.54,474,99.58%,472,19.49%,92,4.35%,4,0,,0,,0
2021-05-11,$1.12,7.16,602,100.00%,602,25.91%,156,3.85%,6,0,,0,,0
2021-05-12,$0.85,4.78,626,99.52%,623,28.41%,177,7.34%,13,0,,0,,0
2021-05-13,$0.50,7.28,486,100.00%,486,13.99%,68,1.47%,1,0,,0,,0
2021-05-14,$0.38,4.92,535,99.63%,533,14.45%,77,1.30%,1,0,,0,,0
2021-05-15,$1.32,28.7,1193,50.88%,607,7.58%,46,0.00%,0,0,,0,,0
2021-05-16,$0.79,5.64,1012,99.90%,1011,13.85%,140,2.86%,4,0,,0,,0
2021-05-17,$0.85,10.37,811,100.00%,811,10.11%,82,2.44%,2,0,,0,,0
2021-05-18,$0.43,6.39,788,100.00%,788,8.63%,68,4.41%,3,0,,0,,0
2021-05-19,$0.30,2.88,997,100.00%,997,10.53%,105,0.95%,1,0,,0,,0
2021-05-20,$0.38,5.57,1058,99.91%,1057,6.43%,68,2.94%,2,0,,0,,0
2021-05-21,$0.39,8.97,859,94.53%,812,5.42%,44,0.00%,0,0,,0,,0
2021-05-22,$0.56,4.52,1110,100.00%,1110,11.08%,123,6.50%,8,0,,0,,0
2021-05-23,$0.17,1.91,952,99.58%,948,9.60%,91,0.00%,0,0,,0,,0
2021-05-24,$0.43,3.94,1003,99.90%,1002,10.78%,108,1.85%,2,0,,0,,0
2021-05-25,$0.64,5.8,944,99.89%,943,11.77%,111,1.80%,2,0,,0,,0
2021-05-26,$0.84,4.42,1501,99.80%,1498,12.75%,191,3.14%,6,0,,0,,0
2021-05-27,$0.53,2.78,1302,100.00%,1302,14.75%,192,0.52%,1,0,,0,,0
2021-05-28,$1.41,13.59,1104,99.64%,1100,9.45%,104,7.69%,8,0,,0,,0
2021-05-29,$0.55,4.17,1118,99.91%,1117,11.73%,131,3.05%,4,0,,0,,0
2021-05-30,$0.41,2.84,1169,100.00%,1169,12.23%,143,0.00%,0,0,,0,,0
2021-05-31,$0.37,3.96,1206,98.76%,1191,7.89%,94,2.13%,2,0,,0,,0
2021-06-01,$0.85,8.1,1047,99.62%,1043,10.07%,105,1.90%,2,0,,0,,0
2021-06-02,$1.40,9.94,1346,99.48%,1339,10.53%,141,2.84%,4,0,,0,,0
2021-06-03,$0.61,6,1267,100.00%,1267,8.05%,102,0.98%,1,0,,0,,0
2021-06-04,$0.84,8.24,1916,99.74%,1911,5.34%,102,3.92%,4,0,,0,,0
2021-06-05,$0.79,9.66,1295,100.00%,1295,6.33%,82,1.22%,1,0,,0,,0
2021-06-06,$0.49,3.82,1451,100.00%,1451,8.75%,127,1.57%,2,0,,0,,0
2021-06-07,$0.74,6.72,1757,93.17%,1637,6.72%,110,0.00%,0,0,,0,,0
2021-06-08,$0.36,5.29,2427,96.09%,2332,2.96%,69,2.90%,2,0,,0,,0
2021-06-09,$0.89,8.54,1242,99.84%,1240,8.39%,104,5.77%,6,0,,0,,0
2021-06-10,$0.60,9.23,1295,99.69%,1291,5.03%,65,1.54%,1,0,,0,,0
2021-06-11,$1.33,14.15,1310,100.00%,1310,7.18%,94,5.32%,5,0,,0,,0
2021-06-12,$0.67,5.77,1325,99.47%,1318,8.88%,117,1.71%,2,0,,0,,0
2021-06-13,$1.23,7.33,1879,100.00%,1879,8.94%,168,5.95%,10,0,,0,,0
2021-06-14,$0.72,5.16,3087,47.62%,1470,9.46%,139,0.72%,1,0,,0,,0
2021-06-15,$1.03,9.63,1492,94.24%,1406,7.61%,107,1.87%,2,0,,0,,0
2021-06-16,$0.55,6.09,1206,97.84%,1180,7.63%,90,5.56%,5,0,,0,,0
2021-06-17,$0.95,11.2,1221,99.43%,1214,7.00%,85,2.35%,2,0,,0,,0
2021-06-18,$0.62,10.47,1314,100.00%,1314,4.49%,59,0.00%,0,0,,0,,0
2021-06-19,$0.81,10.27,1548,84.30%,1305,6.05%,79,0.00%,0,0,,0,,0
2021-06-20,$0.75,7.77,1425,99.86%,1423,6.82%,97,2.06%,2,0,,0,,0
2021-06-21,$0.65,7.07,1753,83.63%,1466,6.28%,92,6.52%,6,0,,0,,0
2021-06-22,$0.69,6.84,1201,99.25%,1192,8.47%,101,14.85%,15,0,,0,,0
2021-06-23,$0.44,6.1,1163,99.40%,1156,6.23%,72,1.39%,1,0,,0,,0
2021-06-24,$0.69,5.43,1346,98.51%,1326,9.58%,127,0.00%,0,0,,0,,0
2021-06-25,$0.69,7.45,1589,100.00%,1589,5.85%,93,1.08%,1,0,,0,,0
2021-06-26,$0.54,5.44,1273,99.14%,1262,7.92%,100,0.00%,0,0,,0,,0
2021-06-27,$0.76,5.99,1589,99.62%,1583,8.02%,127,0.79%,1,0,,0,,0
2021-06-28,$1.09,10.59,1527,98.76%,1508,6.83%,103,1.94%,2,0,,0,,0
2021-06-29,$0.57,2.53,1779,99.94%,1778,12.77%,227,1.76%,4,0,,0,,0
2021-06-30,$0.74,7.84,2013,99.95%,2012,4.67%,94,2.13%,2,0,,0,,0
2021-07-01,$0.54,3.65,1589,98.24%,1561,9.42%,147,0.68%,1,0,,0,,0
2021-07-02,$3.67,19.96,1698,99.94%,1697,10.84%,184,4.35%,8,0,,0,,0
2021-07-03,$1.24,9.2,1687,99.70%,1682,8.03%,135,5.19%,7,0,,0,,0
2021-07-04,$2.33,12.46,1824,99.45%,1814,10.31%,187,4.81%,9,0,,0,,0
2021-07-05,$2.17,12.19,2029,99.75%,2024,8.79%,178,1.12%,2,0,,0,,0
2021-07-06,$1.14,8.54,1794,99.78%,1790,7.43%,133,0.75%,1,0,,0,,0
2021-07-07,$1.41,8.58,1957,98.82%,1934,8.53%,165,3.64%,6,0,,0,,0
2021-07-08,$0.95,9.1,1573,98.60%,1551,6.71%,104,7.69%,8,0,,0,,0
2021-07-09,$0.90,6.54,1602,100.00%,1602,8.61%,138,0.00%,0,0,,0,,0
2021-07-10,$1.64,12.68,1659,100.00%,1659,7.78%,129,3.88%,5,0,,0,,0
2021-07-11,$1.37,10.5,1478,99.86%,1476,8.81%,130,4.62%,6,0,,0,,0
2021-07-12,$0.18,2.21,1601,100.00%,1601,5.06%,81,0.00%,0,0,,0,,0
2021-07-13,$0.18,2.24,1308,100.00%,1308,6.27%,82,1.22%,1,0,,0,,0
2021-07-14,$0.51,4.4,1531,100.00%,1531,7.51%,115,4.35%,5,0,,0,,0
2021-07-15,$0.60,3.19,1982,99.90%,1980,9.55%,189,0.53%,1,0,,0,,0
2021-07-16,$0.71,4.43,1543,99.81%,1540,10.45%,161,2.48%,4,0,,0,,0
2021-07-17,$0.30,7.22,2613,60.35%,1577,2.66%,42,2.38%,1,0,,0,,0
2021-07-18,$0.98,19.5,1650,100.00%,1650,3.03%,50,4.00%,2,0,,0,,0
2021-07-19,$0.92,10.67,2530,99.96%,2529,3.40%,86,4.65%,4,0,,0,,0
2021-07-20,$0.65,14.06,1730,99.31%,1718,2.68%,46,2.17%,1,0,,0,,0
2021-07-21,$0.63,11.47,1777,99.89%,1775,3.10%,55,9.09%,5,0,,0,,0
2021-07-22,$0.70,9.25,1757,100.00%,1757,4.33%,76,0.00%,0,0,,0,,0
2021-07-23,$1.03,10.23,1618,99.13%,1604,6.30%,101,8.91%,9,0,,0,,0
2021-07-24,$1.08,14.99,1586,99.31%,1575,4.57%,72,25.00%,18,0,,0,,0
2021-07-25,$0.34,4.49,2597,88.18%,2290,3.32%,76,1.32%,1,0,,0,,0
2021-07-26,$2.85,42.6,2128,100.00%,2128,3.15%,67,2.99%,2,0,,0,,0
2021-07-27,$1.24,22.63,1507,99.14%,1494,3.68%,55,3.64%,2,0,,0,,0
2021-07-28,$0.47,8.47,1531,99.80%,1528,3.60%,55,3.64%,2,0,,0,,0
2021-07-29,$0.47,5.29,1668,99.88%,1666,5.28%,88,1.14%,1,0,,0,,0
2021-07-30,$0.38,11.52,1664,99.94%,1663,1.98%,33,0.00%,0,0,,0,,0
2021-07-31,$0.72,7.31,1861,99.95%,1860,5.32%,99,2.02%,2,0,,0,,0
2021-08-01,$0.36,7.32,1611,99.81%,1608,3.05%,49,14.29%,7,0,,0,,0
2021-08-02,$0.88,13.41,1350,100.00%,1350,4.89%,66,16.67%,11,0,,0,,0
2021-08-03,$1.12,22.36,1623,98.46%,1598,3.13%,50,6.00%,3,0,,0,,0
2021-08-04,$0.46,7.32,1694,100.00%,1694,3.72%,63,9.52%,6,0,,0,,0
2021-08-05,$0.53,11.37,1511,99.14%,1498,3.14%,47,0.00%,0,0,,0,,0
2021-08-06,$0.86,13.46,1533,87.87%,1347,4.75%,64,9.38%,6,0,,0,,0
2021-08-07,$1.62,24.93,1683,100.00%,1683,3.86%,65,3.08%,2,0,,0,,0
2021-08-08,$1.88,29.41,1897,99.89%,1895,3.38%,64,23.44%,15,0,,0,,0
2021-08-09,$0.97,4.35,2017,100.00%,2017,11.11%,224,0.89%,2,0,,0,,1075
2021-08-10,$0.93,4.94,1830,99.73%,1825,10.36%,189,2.12%,4,0,,0,,1825
2021-08-11,$0.83,14.52,1465,99.86%,1463,3.90%,57,7.02%,4,0,,0,,1463
2021-08-12,$1.45,20.73,1664,100.00%,1664,4.21%,70,22.86%,16,0,,0,,1664
2021-08-13,$0.94,7.87,1728,99.48%,1719,6.92%,119,1.68%,2,0,,0,,1719
2021-08-14,$0.54,2.39,2040,99.51%,2030,11.08%,225,0.89%,2,0,,0,,2030
2021-08-15,$0.93,6.81,1909,99.95%,1908,7.18%,137,5.84%,8,0,,0,,1908
2021-08-16,$1.05,6.79,2091,99.90%,2089,7.42%,155,4.52%,7,0,,0,,2089
2021-08-17,$0.70,9.09,1641,99.76%,1637,4.70%,77,1.30%,1,0,,0,,1637
2021-08-18,$1.24,7.91,1837,99.89%,1835,8.56%,157,24.84%,39,0,,0,,1835
2021-08-19,$1.22,14.3,1826,100.00%,1826,4.65%,85,4.71%,4,0,,0,,1826
2021-08-20,$0.81,7.63,2065,99.95%,2064,5.14%,106,6.60%,7,0,,0,,2064
2021-08-21,$1.13,5.96,2191,100.00%,2191,8.63%,189,5.82%,11,0,,0,,2191
2021-08-22,$0.86,3.48,1887,99.89%,1885,13.10%,247,2.83%,7,0,,0,,1885
2021-08-23,$0.44,8,1643,99.94%,1642,3.35%,55,7.27%,4,0,,0,,1642
2021-08-24,$0.73,3.78,1861,100.00%,1861,10.32%,192,4.69%,9,0,,0,,1861
2021-08-25,$0.87,5.72,1826,100.00%,1826,8.38%,153,3.27%,5,0,,0,,1826
2021-08-26,$0.61,3.1,1867,99.89%,1865,10.56%,197,6.60%,13,0,,0,,1865
2021-08-27,$0.55,1.99,2177,100.00%,2177,12.82%,279,9.32%,26,0,,0,,2177
2021-08-28,$0.42,5.17,1798,100.00%,1798,4.56%,82,6.10%,5,0,,0,,1798
2021-08-29,$0.73,3.66,2102,100.00%,2102,9.42%,198,6.57%,13,0,,0,,2102
2021-08-30,$0.50,6.22,2887,100.00%,2887,2.81%,81,7.41%,6,0,,0,,2887
2021-08-31,$0.39,2.19,1620,99.69%,1615,11.08%,179,1.68%,3,0,,0,,1615
2021-09-01,$0.56,7.11,1815,100.00%,1815,4.35%,79,18.99%,15,0,,0,,1815
2021-09-02,$0.60,8.42,1808,100.00%,1808,3.93%,71,8.45%,6,0,,0,,1808
2021-09-03,$0.43,5.32,1687,100.00%,1687,4.74%,80,6.25%,5,0,,0,,1687
2021-09-04,$0.84,11.49,1534,99.93%,1533,4.76%,73,6.85%,5,0,,0,,1533
2021-09-05,$1.28,13.3,1616,100.00%,1616,5.94%,96,12.50%,12,0,,0,,1616
2021-09-06,$0.52,6.7,1632,100.00%,1632,4.78%,78,16.67%,13,0,,0,,1632
2021-09-07,$0.44,3.64,1632,100.00%,1632,7.41%,121,3.31%,4,0,,0,,1632
2021-09-08,$1.01,18.05,2111,100.00%,2111,2.65%,56,7.14%,4,0,,0,,2111
2021-09-09,$0.49,7.15,1552,99.87%,1550,4.39%,68,0.00%,0,0,,0,,1550
2021-09-10,$0.76,6.89,2778,100.00%,2778,3.96%,110,1.82%,2,0,,0,,2778
2021-09-11,$1.14,6.88,1681,100.00%,1681,9.82%,165,3.03%,5,0,,0,,1681
2021-09-12,$1.37,17.11,1863,100.00%,1863,4.29%,80,11.25%,9,0,,0,,1863
2021-09-13,$1.69,14.67,3116,76.41%,2381,4.83%,115,1.74%,2,0,,0,,2381
2021-09-14,$1.51,16.22,1711,99.65%,1705,5.45%,93,10.75%,10,0,,0,,1705
2021-09-15,$0.97,11.74,2961,65.72%,1946,4.27%,83,3.61%,3,0,,0,,1946
2021-09-16,$0.63,7.91,2545,98.78%,2514,3.18%,80,5.00%,4,0,,0,,2514
2021-09-17,$0.33,4.85,1692,100.00%,1692,4.02%,68,4.41%,3,0,,0,,1692
2021-09-18,$0.44,6.33,1610,99.81%,1607,4.36%,70,0.00%,0,0,,0,,1607
2021-09-19,$1.07,14.05,1732,99.94%,1731,4.39%,76,7.89%,6,0,,0,,1731
2021-09-20,$0.81,15.34,1797,99.44%,1787,2.97%,53,9.43%,5,0,,0,,1787
2021-09-21,$0.73,14.4,1578,99.75%,1574,3.24%,51,3.92%,2,0,,0,,1574
2021-09-22,$1.10,17,2447,99.96%,2446,2.66%,65,4.62%,3,0,,0,,2446
2021-09-23,$1.45,20.95,1572,99.94%,1571,4.39%,69,2.90%,2,0,,0,,1571
2021-09-24,$0.73,14.98,1843,99.95%,1842,2.66%,49,12.24%,6,0,,0,,1842
2021-09-25,$0.38,6.93,1663,100.00%,1663,3.31%,55,3.64%,2,0,,0,,1663
2021-09-26,$0.84,16.71,1976,100.00%,1976,2.53%,50,10.00%,5,0,,0,,1976
2021-09-27,$0.54,4.42,1847,100.00%,1847,6.66%,123,1.63%,2,0,,0,,1847
2021-09-28,$0.94,6.17,2785,100.00%,2785,5.49%,153,2.61%,4,0,,0,,2785
2021-09-29,$1.44,10.93,1904,100.00%,1904,6.93%,132,2.27%,3,0,,0,,1904
2021-09-30,$0.75,3.92,1822,100.00%,1822,10.54%,192,2.08%,4,0,,0,,1822
2021-10-01,$0.87,6.47,1736,99.88%,1734,7.73%,134,6.72%,9,0,,0,,1734
2021-10-02,$0.83,8.46,1938,100.00%,1938,5.06%,98,6.12%,6,0,,0,,1938
2021-10-03,$0.40,2.59,1527,100.00%,1527,10.02%,153,2.61%,4,0,,0,,1527
2021-10-04,$0.73,4.89,2538,100.00%,2538,5.91%,150,6.67%,10,0,,0,,2538
2021-10-05,$1.21,10.11,1364,100.00%,1364,8.80%,120,3.33%,4,0,,0,,1364
2021-10-06,$0.70,5.42,1500,100.00%,1500,8.67%,130,2.31%,3,0,,0,,1500
2021-10-07,$1.24,7.81,1778,99.94%,1777,8.95%,159,3.77%,6,0,,0,,1777
2021-10-08,$0.68,2.57,1703,100.00%,1703,15.56%,265,1.51%,4,0,,0,,1703
2021-10-09,$0.84,3.15,1771,99.94%,1770,14.97%,265,1.51%,4,0,,0,,1770
2021-10-10,$0.79,4.3,2348,100.00%,2348,7.88%,185,1.62%,3,0,,0,,2348
2021-10-11,$0.72,10.84,1456,100.00%,1456,4.53%,66,15.15%,10,0,,0,,1456
2021-10-12,$1.36,15.08,1978,100.00%,1978,4.55%,90,7.78%,7,0,,0,,1978
2021-10-13,$0.83,7,1866,100.00%,1866,6.32%,118,3.39%,4,0,,0,,1866
2021-10-14,$0.89,7.43,1506,100.00%,1506,7.97%,120,9.17%,11,0,,0,,1506
2021-10-15,$1.17,6.5,1604,98.44%,1579,11.40%,180,7.22%,13,0,,0,,1579
2021-10-16,$0.95,8.54,1732,100.00%,1732,6.41%,111,9.91%,11,0,,0,,1732
2021-10-17,$0.76,6.8,1555,100.00%,1555,7.20%,112,11.61%,13,0,,0,,1555
2021-10-18,$1.24,9.5,2037,100.00%,2037,6.38%,130,6.15%,8,0,,0,,2037
2021-10-19,$0.93,6,1584,100.00%,1584,9.79%,155,6.45%,10,0,,0,,1584
2021-10-20,$0.71,6.99,1257,100.00%,1257,8.11%,102,3.92%,4,0,,0,,1257
2021-10-21,$1.04,5.53,1509,100.00%,1509,12.52%,189,11.64%,22,0,,0,,1509
2021-10-22,$1.40,11.86,1532,99.93%,1531,7.71%,118,11.86%,14,0,,0,,1531
2021-10-23,$0.49,4.66,1882,100.00%,1882,5.63%,106,0.94%,1,0,,0,,1882
2021-10-24,$0.62,3.69,1649,100.00%,1649,10.13%,167,3.59%,6,0,,0,,1649
2021-10-25,$0.86,3.26,1683,100.00%,1683,15.75%,265,3.02%,8,0,,0,,1683
2021-10-26,$1.18,6.27,1473,100.00%,1473,12.76%,188,5.32%,10,0,,0,,1473
2021-10-27,$0.58,2.22,1871,100.00%,1871,14.00%,262,0.00%,0,0,,0,,1871
2021-10-28,$1.24,4.33,2264,100.00%,2264,12.68%,287,3.14%,9,0,,0,,2264
2021-10-29,$0.89,5.33,1630,100.00%,1630,10.25%,167,5.39%,9,0,,0,,1630
2021-10-30,$0.78,5.3,1603,99.94%,1602,9.18%,147,4.76%,7,0,,0,,1602
2021-10-31,$1.22,4.28,2239,100.00%,2239,12.73%,285,2.11%,6,0,,0,,2239
2021-11-01,$0.66,3,1808,100.00%,1808,12.17%,220,2.27%,5,0,,0,,1808
2021-11-02,$0.85,2.96,1740,99.94%,1739,16.45%,286,4.20%,12,0,,0,,1739
2021-11-03,$0.71,3.3,2301,99.96%,2300,9.30%,214,1.40%,3,0,,0,,2300
2021-11-04,$1.63,5.57,1862,100.00%,1862,15.68%,292,2.74%,8,0,,0,,1862
2021-11-05,$0.88,5.23,2090,100.00%,2090,8.04%,168,4.17%,7,0,,0,,2090
2021-11-06,$1.01,6.64,2029,99.85%,2026,7.50%,152,4.61%,7,0,,0,,2026
2021-11-07,$1.36,13.08,1617,99.94%,1616,6.44%,104,7.69%,8,0,,0,,1616
2021-11-08,$0.78,4.83,1856,100.00%,1856,8.67%,161,3.73%,6,0,,0,,1856
2021-11-09,$1.13,5.04,1664,100.00%,1664,13.46%,224,4.02%,9,0,,0,,1664
2021-11-10,$0.78,3.18,1868,100.00%,1868,13.17%,246,1.22%,3,0,,0,,1868
2021-11-11,$0.61,5.38,1459,100.00%,1459,7.75%,113,2.65%,3,0,,0,,1459
2021-11-12,$0.74,4.39,1545,99.29%,1534,11.02%,169,4.14%,7,0,,0,,1534
2021-11-13,$0.80,3.85,2042,99.66%,2035,10.17%,207,4.83%,10,0,,0,,2035
2021-11-14,$1.41,6.49,2260,99.07%,2239,9.69%,217,4.61%,10,0,,0,,2239
2021-11-15,$0.78,7.19,1671,100.00%,1671,6.52%,109,3.67%,4,0,,0,,1671
2021-11-16,$0.56,3.87,1625,99.88%,1623,8.93%,145,5.52%,8,0,,0,,1623
2021-11-17,$1.01,9,1629,100.00%,1629,6.88%,112,10.71%,12,0,,0,,1629
2021-11-18,$1.41,7.43,1812,99.78%,1808,10.51%,190,2.11%,4,0,,0,,1808
2021-11-19,$0.45,3.91,1449,99.93%,1448,8.01%,116,0.86%,1,0,,0,,1448
2021-11-20,$0.51,2.51,1355,100.00%,1355,14.98%,203,2.46%,5,0,,0,,1355
2021-11-21,$1.09,3.97,1877,99.73%,1872,14.69%,275,5.45%,15,0,,0,,1872
2021-11-22,$0.63,3.16,1803,99.89%,1801,11.10%,200,3.00%,6,0,,0,,1801
2021-11-23,$0.25,1.46,1721,99.83%,1718,9.90%,170,2.35%,4,0,,0,,1718
2021-11-24,$0.60,6.21,1444,100.00%,1444,6.65%,96,2.08%,2,0,,0,,1444
2021-11-25,$0.46,2.95,1818,99.72%,1813,8.66%,157,2.55%,4,0,,0,,1813
2021-11-26,$0.25,2.61,1464,99.80%,1461,6.64%,97,1.03%,1,0,,0,,1461
2021-11-27,$1.34,6.55,1883,99.95%,1882,10.84%,204,7.35%,15,0,,0,,1882
2021-11-28,$1.05,4.2,2419,99.96%,2418,10.34%,250,3.20%,8,0,,0,,2418
2021-11-29,$0.73,6.18,1630,100.00%,1630,7.24%,118,7.63%,9,0,,0,,1630
2021-11-30,$0.65,3.18,1817,99.56%,1809,11.28%,204,4.41%,9,0,,0,,1809
2021-12-01,$0.80,9.07,1532,99.61%,1526,5.77%,88,6.82%,6,0,,0,,1526
2021-12-02,$0.74,4.76,1792,99.11%,1776,8.78%,156,3.21%,5,0,,0,,1776
2021-12-03,$0.82,7.57,2734,99.38%,2717,3.97%,108,10.19%,11,0,,0,,2717
2021-12-04,$0.57,5.83,1687,98.52%,1662,5.90%,98,6.12%,6,0,,0,,1662
2021-12-05,$1.37,5.36,2050,99.46%,2039,12.51%,255,1.57%,4,0,,0,,2039
2021-12-06,$0.67,3.78,1916,99.43%,1905,9.29%,177,4.52%,8,0,,0,,1905
2021-12-07,$1.01,6.1,1762,89.78%,1582,10.49%,166,6.02%,10,0,,0,,1582
2021-12-08,$0.32,1.33,2323,99.96%,2322,10.21%,237,1.69%,4,0,,0,,2322
2021-12-09,$1.03,5.83,2002,99.45%,1991,8.89%,177,1.13%,2,0,,0,,1991
2021-12-10,$0.62,7.35,1496,99.87%,1494,5.62%,84,1.19%,1,0,,0,,1494
2021-12-11,$0.59,6.32,1736,99.88%,1734,5.42%,94,5.32%,5,0,,0,,1734
2021-12-12,$0.75,9.95,2442,81.24%,1984,3.78%,75,12.00%,9,0,,0,,1984
2021-12-13,$0.33,5.2,1925,99.95%,1924,3.33%,64,53.12%,34,0,,0,,1924
2021-12-14,$0.32,2.98,1509,99.80%,1506,7.17%,108,8.33%,9,0,,0,,1506
2021-12-15,$0.77,8.16,1702,100.00%,1702,5.52%,94,7.45%,7,0,,0,,1702
2021-12-16,$0.28,3.06,2271,100.00%,2271,4.01%,91,5.49%,5,0,,0,,2271
2021-12-17,$0.76,6.94,1600,99.88%,1598,6.82%,109,6.42%,7,0,,0,,1598
2021-12-18,$0.74,9.58,1832,100.00%,1832,4.20%,77,7.79%,6,0,,0,,1832
2021-12-19,$0.95,8.99,1589,100.00%,1589,6.67%,106,4.72%,5,0,,0,,1589
2021-12-20,$0.67,5.81,1513,99.67%,1508,7.69%,116,8.62%,10,0,,0,,1508
2021-12-21,$0.90,5.44,2771,97.08%,2690,6.17%,166,19.28%,32,0,,0,,2690
2021-12-22,$1.52,11.71,2044,99.95%,2043,6.36%,130,6.15%,8,0,,0,,2043
2021-12-23,$0.70,2.07,1973,99.85%,1970,17.16%,338,5.62%,19,0,,0,,1970
2021-12-24,$0.80,3.33,1728,99.88%,1726,14.02%,242,3.72%,9,0,,0,,1726
2021-12-25,$0.53,3.74,1751,100.00%,1751,8.05%,141,4.26%,6,0,,0,,1751
2021-12-26,$0.89,5.71,1553,100.00%,1553,10.05%,156,7.05%,11,0,,0,,1553
2021-12-27,$0.57,3.04,1640,99.94%,1639,11.47%,188,2.13%,4,0,,0,,1639
2021-12-28,$1.15,3.63,1823,99.95%,1822,17.34%,316,3.16%,10,0,,0,,1822
2021-12-29,$0.62,6.5,1690,100.00%,1690,5.62%,95,5.26%,5,0,,0,,1690
2021-12-30,$1.12,5.98,1792,99.16%,1777,10.58%,188,1.06%,2,0,,0,,1777
2021-12-31,$0.61,3.42,1446,99.93%,1445,12.25%,177,6.21%,11,0,,0,,1445
2022-01-01,$0.43,2.07,1779,99.83%,1776,11.82%,210,2.38%,5,0,,0,,1776
2022-01-02,$1.13,5.35,1642,98.66%,1620,13.09%,212,4.72%,10,0,,0,,1620
2022-01-03,$0.58,2.82,1575,100.00%,1575,13.14%,207,5.31%,11,0,,0,,1575
2022-01-04,$0.31,2.49,1624,99.75%,1620,7.72%,125,4.00%,5,0,,0,,1620
2022-01-05,$0.22,0.64,1904,88.39%,1683,20.38%,343,0.58%,2,0,,0,,1683
2022-01-06,$0.29,1.45,1670,96.53%,1612,12.41%,200,2.00%,4,0,,0,,1612
2022-01-07,$0.86,4.1,1697,87.92%,1492,14.14%,211,1.90%,4,0,,0,,1492
2022-01-08,$0.47,2.43,2311,63.91%,1477,13.20%,195,2.56%,5,0,,0,,1477
2022-01-09,$0.40,2.92,2257,63.00%,1422,9.63%,137,2.92%,4,0,,0,,1422
2022-01-10,$0.30,6.84,1466,99.93%,1465,3.00%,44,2.27%,1,0,,0,,1465
2022-01-11,$0.38,3.76,1907,81.91%,1562,6.47%,101,5.94%,6,0,,0,,1562
2022-01-12,$0.29,5.33,1057,100.00%,1057,5.20%,55,3.64%,2,0,,0,,1057
2022-01-13,$0.55,8.61,1150,99.74%,1147,5.58%,64,4.69%,3,0,,0,,1147
2022-01-14,$0.44,12.55,1103,100.00%,1103,3.17%,35,5.71%,2,0,,0,,1103
2022-01-15,$0.47,3.12,1447,92.81%,1343,11.17%,150,6.00%,9,0,,0,,1343
2022-01-16,$0.60,3.57,1650,99.94%,1649,10.13%,167,2.40%,4,0,,0,,1649
2022-01-17,$1.22,13.59,1389,100.00%,1389,6.48%,90,3.33%,3,0,,0,,1389
2022-01-18,$1.33,12.82,1296,99.92%,1295,8.03%,104,3.85%,4,0,,0,,1295
2022-01-19,$0.54,5.54,1259,99.92%,1258,7.79%,98,3.06%,3,0,,0,,1258
2022-01-20,$0.57,4.53,1258,99.92%,1257,9.94%,125,5.60%,7,0,,0,,1257
2022-01-21,$0.42,4.86,1320,100.00%,1320,6.52%,86,3.49%,3,0,,0,,1320
2022-01-22,$0.52,6.94,1169,99.91%,1168,6.42%,75,9.33%,7,0,,0,,1168
2022-01-23,$1.37,13.42,1263,99.13%,1252,8.15%,102,9.80%,10,0,,0,,1252
2022-01-24,$0.86,5.29,1394,100.00%,1394,11.62%,162,2.47%,4,0,,0,,1394
2022-01-25,$0.66,5.09,1799,99.89%,1797,7.18%,129,3.88%,5,0,,0,,1797
2022-01-26,$0.67,3.74,1372,99.42%,1364,13.20%,180,2.22%,4,0,,0,,1364
2022-01-27,$0.67,6.73,1529,100.00%,1529,6.47%,99,4.04%,4,0,,0,,1529
2022-01-28,$0.61,3.46,1492,99.80%,1489,11.89%,177,2.82%,5,0,,0,,1489
2022-01-29,$0.24,3.79,1865,100.00%,1865,3.43%,64,3.12%,2,0,,0,,1865
2022-01-30,$0.58,4.21,1274,100.00%,1274,10.75%,137,2.19%,3,0,,0,,1274
2022-01-31,$0.30,2.71,1037,100.00%,1037,10.80%,112,1.79%,2,0,,0,,1037
2022-02-01,$0.44,3.67,1226,100.00%,1226,9.71%,119,1.68%,2,0,,0,,1226
2022-02-02,$0.96,11.86,1249,100.00%,1249,6.49%,81,6.17%,5,0,,0,,1249
2022-02-03,$0.85,6.24,1277,98.28%,1255,10.92%,137,3.65%,5,0,,0,,1255
2022-02-04,$0.48,4.4,1344,99.11%,1332,8.18%,109,1.83%,2,0,,0,,1332
2022-02-05,$0.18,1.08,1775,99.89%,1773,9.42%,167,1.20%,2,0,,0,,1773
2022-02-06,$0.58,3.76,1512,98.68%,1492,10.39%,155,2.58%,4,0,,0,,1492
2022-02-07,$0.49,2.56,1972,99.75%,1967,9.66%,190,2.11%,4,0,,0,,1967
2022-02-08,$0.37,2.39,1413,99.22%,1402,11.13%,156,3.85%,6,0,,0,,1402
2022-02-09,$0.48,2.58,1465,98.63%,1445,12.94%,187,0.53%,1,0,,0,,1445
2022-02-10,$0.65,2.45,1428,99.72%,1424,18.68%,266,3.76%,10,0,,0,,1424
2022-02-11,$0.66,3.75,1299,99.23%,1289,13.65%,176,2.84%,5,0,,0,,1289
2022-02-12,$0.72,4.19,1503,100.00%,1503,11.38%,171,5.26%,9,0,,0,,1503
2022-02-13,$0.54,3.67,1517,99.67%,1512,9.72%,147,2.04%,3,0,,0,,1512
2022-02-14,$0.95,4.31,1564,99.49%,1556,14.20%,221,5.43%,12,0,,0,,1556
2022-02-15,$0.44,3.86,1633,99.76%,1629,7.06%,115,6.09%,7,0,,0,,1629
2022-02-16,$0.81,5.21,1878,99.52%,1869,8.35%,156,8.97%,14,0,,0,,1869
2022-02-17,$0.43,2.01,1374,99.49%,1367,15.51%,212,3.77%,8,0,,0,,1367
2022-02-18,$0.39,2.43,1527,99.87%,1525,10.43%,159,0.00%,0,0,,0,,1525
2022-02-19,$0.59,4.12,1684,99.05%,1668,8.57%,143,3.50%,5,0,,0,,1668
2022-02-20,$0.78,5.15,1443,98.96%,1428,10.64%,152,4.61%,7,0,,0,,1428
2022-02-21,$0.54,1.68,2425,68.12%,1652,19.31%,319,2.51%,8,0,,0,,1652
2022-02-22,$0.57,2.84,1602,98.19%,1573,12.84%,202,3.47%,7,0,,0,,1573
2022-02-23,$0.79,5.7,1469,99.73%,1465,9.49%,139,5.04%,7,0,,0,,1465
2022-02-24,$0.97,3.88,1376,99.35%,1367,18.29%,250,6.00%,15,0,,0,,1367
2022-02-25,$0.44,2.21,1708,97.83%,1671,11.91%,199,2.01%,4,0,,0,,1671
2022-02-26,$0.46,3.84,1725,98.90%,1706,7.03%,120,1.67%,2,0,,0,,1706
2022-02-27,$0.83,6.95,2138,98.60%,2108,5.65%,119,5.04%,6,0,,0,,2108
2022-02-28,$0.63,3.13,2240,98.44%,2205,9.07%,200,6.00%,12,0,,0,,2205
2022-03-01,$0.63,3.78,1429,98.81%,1412,11.83%,167,5.39%,9,0,,0,,1412
2022-03-02,$1.18,6.77,2420,74.01%,1791,9.72%,174,8.62%,15,0,,0,,1791
2022-03-03,$0.76,3,3203,53.36%,1709,14.86%,254,0.39%,1,0,,0,,1709
2022-03-04,$0.36,2.78,3562,46.13%,1643,7.91%,130,6.15%,8,0,,0,,1643
2022-03-05,$0.95,5.57,3255,58.16%,1893,8.98%,170,2.35%,4,0,,0,,1893
2022-03-06,$0.55,3.06,1730,98.90%,1711,10.46%,179,2.23%,4,0,,0,,1711
2022-03-07,$0.85,3.66,1971,95.59%,1884,12.26%,231,3.90%,9,0,,0,,1884
2022-03-08,$0.58,2.48,1543,100.00%,1543,15.10%,233,2.15%,5,0,,0,,1543
2022-03-09,$0.53,3.77,1422,100.00%,1422,9.92%,141,2.13%,3,0,,0,,1422
2022-03-10,$1.15,9.97,1416,90.54%,1282,8.97%,115,3.48%,4,0,,0,,1282
2022-03-11,$1.54,8.84,1367,97.88%,1338,13.00%,174,3.45%,6,0,,0,,1338
2022-03-12,$0.94,4.04,2005,100.00%,2005,11.62%,233,1.29%,3,0,,0,,2005
2022-03-13,$1.01,4.69,2069,81.39%,1684,12.83%,216,1.85%,4,0,,0,,1684
2022-03-14,$1.14,5.46,1525,97.70%,1490,14.03%,209,1.44%,3,0,,0,,1490
2022-03-15,$0.65,4.42,1519,99.61%,1513,9.78%,148,2.03%,3,0,,0,,1513
2022-03-16,$0.90,7.35,1540,99.94%,1539,7.99%,123,4.88%,6,0,,0,,1539
2022-03-17,$0.79,6.21,1737,99.94%,1736,7.32%,127,3.94%,5,0,,0,,1736
2022-03-18,$0.76,2.3,2017,99.31%,2003,16.43%,329,3.04%,10,0,,0,,2003
2022-03-19,$0.69,8.33,1799,99.89%,1797,4.62%,83,1.20%,1,0,,0,,1797
2022-03-20,$0.94,13.79,2458,55.57%,1366,4.98%,68,4.41%,3,0,,0,,1366
2022-03-21,$0.38,10.96,22178,5.74%,1274,2.75%,35,5.71%,2,0,,0,,1274
2022-03-22,$0.52,9.48,15334,8.03%,1231,4.47%,55,1.82%,1,0,,0,,1231
2022-03-23,$0.43,8.52,22232,5.87%,1304,3.83%,50,4.00%,2,0,,0,,1304
2022-03-24,$0.87,16.5,25527,6.47%,1651,3.21%,53,1.89%,1,0,,0,,1651
2022-03-25,$0.43,1.49,4750,54.76%,2601,11.00%,286,1.75%,5,0,,0,,2601
2022-03-26,$1.22,4.86,1877,86.68%,1627,15.49%,252,8.33%,21,0,,0,,1627
2022-03-27,$0.86,4.54,1552,99.10%,1538,12.35%,190,4.21%,8,0,,0,,1538
2022-03-28,$0.63,3.19,1781,99.94%,1780,11.01%,196,0.51%,1,0,,0,,1780
2022-03-29,$1.27,8.79,1559,99.49%,1551,9.28%,144,1.39%,2,0,,0,,1551
2022-03-30,$0.82,4.83,3336,99.85%,3331,5.10%,170,2.94%,5,0,,0,,3331
2022-03-31,$0.52,1.13,1660,99.88%,1658,27.50%,456,0.44%,2,0,,0,,1658
2022-04-01,$0.29,3.95,1318,99.62%,1313,5.56%,73,5.48%,4,0,,0,,1313
2022-04-02,$0.64,6.58,1861,99.14%,1845,5.26%,97,4.12%,4,0,,0,,1845
2022-04-03,$0.44,5.28,1998,100.00%,1998,4.15%,83,2.41%,2,0,,0,,1998
2022-04-04,$0.92,8.53,1798,100.00%,1798,6.01%,108,4.63%,5,0,,0,,1798
2022-04-05,$1.81,10.53,1695,99.88%,1693,10.16%,172,5.81%,10,0,,0,,1693
2022-04-06,$1.64,16.07,1425,99.79%,1422,7.17%,102,8.82%,9,0,,0,,1422
2022-04-07,$0.81,11.04,1679,99.82%,1676,4.36%,73,2.74%,2,0,,0,,1676
2022-04-08,$0.64,7.66,993,99.60%,989,8.49%,84,1.19%,1,0,,0,,989
2022-04-09,$0.47,11.52,693,99.42%,689,5.95%,41,7.32%,3,0,,0,,689
2022-04-10,$0.60,5.01,1276,98.82%,1261,9.44%,119,3.36%,4,1276,98.82%,1261,100.00%,1261
2022-04-11,$1.32,9.81,2069,99.95%,2068,6.48%,134,3.73%,5,2069,99.95%,2068,100.00%,2068
2022-04-12,$0.86,5.2,1831,99.95%,1830,9.02%,165,4.85%,8,1831,99.95%,1830,100.00%,1830
2022-04-13,$1.48,11.2,2122,100.00%,2122,6.22%,132,4.55%,6,2122,100.00%,2122,100.00%,2122
2022-04-14,$0.67,5.78,1680,99.76%,1676,6.92%,116,5.17%,6,1680,99.76%,1676,100.00%,1676
2022-04-15,$1.58,10.38,1919,100.00%,1919,7.92%,152,12.50%,19,1919,100.00%,1919,100.00%,1919
2022-04-16,$1.05,5.56,1885,100.00%,1885,10.03%,189,1.59%,3,1885,100.00%,1885,100.00%,1885
2022-04-17,$0.53,2.56,1748,99.71%,1743,11.93%,208,0.96%,2,1748,99.71%,1743,100.00%,1743
2022-04-18,$0.78,5.59,1819,100.00%,1819,7.64%,139,2.16%,3,1819,100.00%,1819,100.00%,1819
2022-04-19,$0.42,2.51,1521,99.87%,1519,10.99%,167,1.20%,2,1521,99.87%,1519,100.00%,1519
2022-04-20,$0.78,2.14,1889,99.42%,1878,19.54%,367,0.27%,1,1889,99.42%,1878,100.00%,1878
2022-04-21,$1.23,4.99,2271,99.78%,2266,10.90%,247,2.83%,7,2271,99.78%,2266,100.00%,2266
2022-04-22,$0.77,3.31,2089,99.38%,2076,11.27%,234,2.56%,6,2089,99.38%,2076,100.00%,2076
2022-04-23,$1.44,6.09,2781,99.96%,2780,8.49%,236,4.24%,10,2781,99.96%,2780,100.00%,2780
2022-04-24,$1.16,5.97,1899,99.95%,1898,10.27%,195,0.51%,1,1899,99.95%,1898,100.00%,1898
2022-04-25,$1.41,6.56,2789,99.43%,2773,7.75%,215,4.65%,10,2789,99.43%,2773,100.00%,2773
2022-04-26,$1.16,9.17,1534,99.80%,1531,8.30%,127,7.87%,10,1534,99.80%,1531,100.00%,1531
2022-04-27,$1.31,8.64,2931,96.38%,2825,5.38%,152,3.29%,5,2931,96.38%,2825,100.00%,2825
2022-04-28,$2.30,14.66,1790,99.83%,1787,8.79%,157,8.28%,13,1790,99.83%,1787,100.00%,1787
2022-04-29,$1.45,9.05,1853,99.89%,1851,8.64%,160,6.88%,11,1853,99.89%,1851,100.00%,1851
2022-04-30,$1.18,4.95,1967,98.73%,1942,12.26%,238,2.94%,7,1967,98.73%,1942,100.00%,1942
2022-05-01,$0.91,3.99,1959,99.03%,1940,11.80%,229,2.18%,5,1959,99.03%,1940,100.00%,1940
2022-05-02,$0.98,2.98,3735,99.81%,3728,8.77%,327,2.14%,7,3735,99.81%,3728,100.00%,3728
2022-05-03,$1.85,5.45,2132,98.83%,2107,16.14%,340,4.12%,14,2132,98.83%,2107,100.00%,2107
2022-05-04,$2.14,7.3,2131,99.11%,2112,13.87%,293,3.07%,9,2131,99.11%,2112,100.00%,2112
2022-05-05,$2.76,8.69,2333,99.70%,2326,13.67%,318,4.40%,14,2333,99.70%,2326,100.00%,2326
2022-05-06,$1.50,8.32,1567,99.68%,1562,11.52%,180,2.78%,5,1567,99.68%,1562,100.00%,1562
2022-05-07,$1.64,7.78,2292,99.48%,2280,9.25%,211,8.06%,17,2292,99.48%,2280,100.00%,2280
2022-05-08,$0.85,3.74,2230,99.19%,2212,10.31%,228,1.75%,4,2230,99.19%,2212,100.00%,2212
2022-05-09,$1.36,6.93,2453,99.43%,2439,8.04%,196,5.10%,10,2453,99.43%,2439,100.00%,2439
2022-05-10,$1.53,6.44,2158,97.54%,2105,11.31%,238,5.46%,13,2158,97.54%,2105,100.00%,2105
2022-05-11,$1.30,6.81,1738,99.08%,1722,11.09%,191,4.71%,9,1738,99.08%,1722,100.00%,1722
2022-05-12,$1.16,10.12,2502,97.88%,2449,4.70%,115,21.74%,25,2502,97.88%,2449,100.00%,2449
2022-05-13,$2.55,9.65,2243,97.46%,2186,12.08%,264,8.33%,22,2243,97.46%,2186,100.00%,2186
2022-05-14,$1.08,5.53,1752,98.23%,1721,11.39%,196,8.16%,16,1752,98.23%,1721,100.00%,1721
2022-05-15,$1.06,4.75,1721,99.77%,1717,13.05%,224,2.68%,6,1721,99.77%,1717,100.00%,1717
2022-05-16,$1.41,7.17,3526,99.04%,3492,5.64%,197,6.09%,12,3526,99.04%,3492,100.00%,3492
2022-05-17,$1.26,5,1909,98.32%,1877,13.37%,251,1.99%,5,1909,98.32%,1877,100.00%,1877
2022-05-18,$1.39,7.04,2438,98.28%,2396,8.22%,197,4.06%,8,2438,98.28%,2396,100.00%,2396
2022-05-19,$1.30,7.26,1696,99.29%,1684,10.63%,179,2.23%,4,1696,99.29%,1684,100.00%,1684
2022-05-20,$1.09,5.93,3343,72.18%,2413,7.63%,184,4.89%,9,3343,72.18%,2413,100.00%,2413
2022-05-21,$0.80,5.69,1944,99.54%,1935,7.29%,141,2.84%,4,1944,99.54%,1935,100.00%,1935
2022-05-22,$1.32,8.54,3461,99.94%,3459,4.45%,154,7.14%,11,3461,99.94%,3459,100.00%,3459
2022-05-23,$1.15,7.49,2004,100.00%,2004,7.68%,154,7.14%,11,2004,100.00%,2004,100.00%,2004
2022-05-24,$1.57,6.35,2503,98.88%,2475,10.02%,248,4.03%,10,2503,98.88%,2475,100.00%,2475
2022-05-25,$1.21,5.45,2586,99.73%,2579,8.57%,221,4.98%,11,2586,99.73%,2579,100.00%,2579
2022-05-26,$1.09,5.32,2021,98.17%,1984,10.33%,205,2.44%,5,2021,98.17%,1984,100.00%,1984
2022-05-27,$0.85,4.16,2180,99.54%,2170,9.40%,204,1.47%,3,2180,99.54%,2170,100.00%,2170
2022-05-28,$2.34,9.85,2593,99.38%,2577,9.24%,238,6.72%,16,2593,99.38%,2577,100.00%,2577
2022-05-29,$1.02,5.25,2317,99.87%,2314,8.38%,194,2.58%,5,2317,99.87%,2314,100.00%,2314
2022-05-30,$1.57,7.75,2068,99.37%,2055,9.88%,203,4.43%,9,2068,99.37%,2055,100.00%,2055
2022-05-31,$0.93,2.95,2034,99.36%,2021,15.59%,315,1.59%,5,2034,99.36%,2021,100.00%,2021
2022-06-01,$1.50,5.24,2129,99.81%,2125,13.51%,287,3.14%,9,2129,99.81%,2125,100.00%,2125
2022-06-02,$1.98,8.02,2099,98.81%,2074,11.91%,247,4.45%,11,2099,98.81%,2074,100.00%,2074
2022-06-03,$1.34,4.63,2976,99.56%,2963,9.79%,290,1.72%,5,2976,99.56%,2963,100.00%,2963
2022-06-04,$1.22,4.68,2441,99.26%,2423,10.73%,260,3.85%,10,2441,99.26%,2423,100.00%,2423
2022-06-05,$1.66,6.17,2785,98.53%,2744,9.80%,269,5.58%,15,2785,98.53%,2744,100.00%,2744
2022-06-06,$1.54,4.78,2002,97.85%,1959,16.49%,323,2.17%,7,2002,97.85%,1959,100.00%,1959
2022-06-07,$2.49,12.09,3507,99.71%,3497,5.89%,206,1.94%,4,3507,99.71%,3497,100.00%,3497
2022-06-08,$1.08,4.79,1841,99.78%,1837,12.25%,225,4.44%,10,1841,99.78%,1837,100.00%,1837
2022-06-09,$0.83,3.88,2204,98.37%,2168,9.92%,215,4.65%,10,2204,98.37%,2168,100.00%,2168
2022-06-10,$1.54,4.17,2608,99.54%,2596,14.21%,369,1.36%,5,2608,99.54%,2596,100.00%,2596
2022-06-11,$1.25,4.16,2097,99.38%,2084,14.44%,301,4.65%,14,2097,99.38%,2084,100.00%,2084
2022-06-12,$0.94,4.51,1911,98.69%,1886,11.08%,209,4.78%,10,1911,98.69%,1886,100.00%,1886
2022-06-13,$0.74,2.81,2164,99.63%,2156,12.15%,262,1.91%,5,2164,99.63%,2156,100.00%,2156
2022-06-14,$0.81,2.9,1925,97.71%,1881,14.83%,279,4.66%,13,1925,97.71%,1881,100.00%,1881
2022-06-15,$1.05,5.14,1890,98.31%,1858,11.03%,205,7.32%,15,1890,98.31%,1858,100.00%,1858
2022-06-16,$0.78,3.22,3946,58.44%,2306,10.49%,242,1.65%,4,3946,58.44%,2306,100.00%,2306
2022-06-17,$1.29,5.54,2191,99.82%,2187,10.65%,233,3.00%,7,2191,99.82%,2187,100.00%,2187
2022-06-18,$1.72,7.88,2338,99.53%,2327,9.37%,218,2.75%,6,2338,99.53%,2327,100.00%,2327
2022-06-19,$1.66,8.56,3092,100.00%,3092,6.27%,194,2.06%,4,3092,100.00%,3092,100.00%,3092
2022-06-20,$1.06,4.85,1648,99.64%,1642,13.34%,219,1.83%,4,1648,99.64%,1642,100.00%,1642
2022-06-21,$1.29,5.85,2376,99.45%,2363,9.31%,220,1.82%,4,2376,99.45%,2363,100.00%,2363
2022-06-22,$1.07,3.61,1955,100.00%,1955,15.09%,295,1.02%,3,1955,100.00%,1955,100.00%,1955
2022-06-23,$0.84,3.62,2334,99.87%,2331,9.91%,231,1.30%,3,2334,99.87%,2331,100.00%,2331
2022-06-24,$2.21,8.33,2285,100.00%,2285,11.60%,265,3.40%,9,2285,100.00%,2285,100.00%,2285
2022-06-25,$1.40,5.26,2718,99.67%,2709,9.82%,266,2.63%,7,2718,99.67%,2709,100.00%,2709
2022-06-26,$1.86,7.13,2081,100.00%,2081,12.54%,261,2.30%,6,2081,100.00%,2081,100.00%,2081
2022-06-27,$1.14,3.31,2828,99.75%,2821,12.16%,343,13.41%,46,2828,99.75%,2821,100.00%,2821
2022-06-28,$1.10,4.6,1918,99.90%,1916,12.53%,240,2.08%,5,1918,99.90%,1916,100.00%,1916
2022-06-29,$1.42,5.24,2310,100.00%,2310,11.69%,270,2.96%,8,2310,100.00%,2310,100.00%,2310
2022-06-30,$1.37,7.55,2676,99.78%,2670,6.78%,181,2.76%,5,2676,99.78%,2670,100.00%,2670
2022-07-01,$0.93,3.1,3350,99.67%,3339,9.01%,301,3.99%,12,3350,99.67%,3339,100.00%,3339
2022-07-02,$0.95,3.92,2749,99.71%,2741,8.79%,241,2.07%,5,2749,99.71%,2741,100.00%,2741
2022-07-03,$1.19,4.94,2089,99.95%,2088,11.49%,240,5.00%,12,2089,99.95%,2088,100.00%,2088
2022-07-04,$1.84,8.98,2622,99.50%,2609,7.86%,205,1.46%,3,2622,99.50%,2609,100.00%,2609
2022-07-05,$1.48,5.53,2037,99.61%,2029,13.21%,268,1.12%,3,2037,99.61%,2029,100.00%,2029
2022-07-06,$2.41,7.38,2712,99.52%,2699,12.12%,327,1.83%,6,2712,99.52%,2699,100.00%,2699
2022-07-07,$2.20,6.87,2457,99.63%,2448,13.07%,320,1.88%,6,2457,99.63%,2448,100.00%,2448
2022-07-08,$1.74,3.61,2906,99.62%,2895,16.68%,483,2.48%,12,2906,99.62%,2895,100.00%,2895
2022-07-09,$2.80,7.89,2896,99.55%,2883,12.31%,355,4.23%,15,2896,99.55%,2883,100.00%,2883
2022-07-10,$1.78,3.84,3151,99.84%,3146,14.72%,463,1.73%,8,3151,99.84%,3146,100.00%,3146
2022-07-11,$1.49,3.91,3547,99.77%,3539,10.77%,381,1.05%,4,3547,99.77%,3539,100.00%,3539
2022-07-12,$1.01,3.52,2988,88.52%,2645,10.89%,288,1.39%,4,2988,88.52%,2645,100.00%,2645
2022-07-13,$2.43,8.34,2695,97.88%,2638,11.07%,292,3.42%,10,2695,97.88%,2638,100.00%,2638
2022-07-14,$1.93,5.53,3025,94.45%,2857,12.18%,348,2.30%,8,3025,94.45%,2857,100.00%,2857
2022-07-15,$2.39,8.05,2490,100.00%,2490,11.93%,297,5.39%,16,2490,100.00%,2490,100.00%,2490
2022-07-16,$1.55,4.66,2952,96.58%,2851,11.68%,333,1.20%,4,2952,96.58%,2851,100.00%,2851
2022-07-17,$1.96,9.11,2522,85.37%,2153,9.99%,215,0.93%,2,2522,85.37%,2153,100.00%,2153
2022-07-18,$2.30,11.98,2638,99.92%,2636,7.28%,192,4.17%,8,2638,99.92%,2636,100.00%,2636
2022-07-19,$2.11,6.4,4436,99.73%,4424,7.44%,329,2.43%,8,4436,99.73%,4424,100.00%,4424
2022-07-20,$2.29,8.3,2507,99.96%,2506,11.01%,276,4.35%,12,2507,99.96%,2506,100.00%,2506
2022-07-21,$2.00,6.91,3428,85.44%,2929,9.87%,289,4.84%,14,3428,85.44%,2929,100.00%,2929
2022-07-22,$2.35,6.23,2643,99.81%,2638,14.29%,377,3.98%,15,2643,99.81%,2638,100.00%,2638
2022-07-23,$1.40,5.48,3848,95.66%,3681,6.93%,255,7.06%,18,3848,95.66%,3681,100.00%,3681
2022-07-24,$2.03,7.54,2615,96.14%,2514,10.70%,269,4.46%,12,2615,96.14%,2514,100.00%,2514
2022-07-25,$2.77,8.79,2884,99.97%,2883,10.93%,315,6.03%,19,2884,99.97%,2883,100.00%,2883
2022-07-26,$1.77,5.67,2801,99.82%,2796,11.19%,313,3.83%,12,2801,99.82%,2796,100.00%,2796
2022-07-27,$1.51,6.1,3502,79.38%,2780,8.92%,248,2.82%,7,3502,79.38%,2780,100.00%,2780
2022-07-28,$2.02,7.6,3069,99.54%,3055,8.67%,265,11.32%,30,3069,99.54%,3055,100.00%,3055
2022-07-29,$2.60,6.17,3720,92.04%,3424,12.30%,421,2.38%,10,3720,92.04%,3424,100.00%,3424
2022-07-30,$2.22,6.18,2689,92.82%,2496,14.42%,360,5.56%,20,2689,92.82%,2496,100.00%,2496
2022-07-31,$1.24,3.55,2579,99.65%,2570,13.58%,349,2.29%,8,2579,99.65%,2570,100.00%,2570
2022-08-01,$2.12,4.59,2631,99.51%,2618,17.65%,462,3.68%,17,2631,99.51%,2618,100.00%,2618
2022-08-02,$2.02,5.87,3358,99.34%,3336,10.34%,345,6.96%,24,3358,99.34%,3336,100.00%,3336
2022-08-03,$2.09,5.52,2676,97.80%,2617,14.48%,379,4.22%,16,2676,97.80%,2617,100.00%,2617
2022-08-04,$2.16,8.8,2686,98.99%,2659,9.21%,245,5.71%,14,2686,98.99%,2659,100.00%,2659
2022-08-05,$1.76,7.03,2832,99.51%,2818,8.87%,250,4.80%,12,2832,99.51%,2818,100.00%,2818
2022-08-06,$1.98,10.59,2513,100.00%,2513,7.44%,187,8.56%,16,2513,100.00%,2513,100.00%,2513
2022-08-07,$1.52,4.34,4077,77.43%,3157,11.12%,351,5.41%,19,4077,77.43%,3157,100.00%,3157
2022-08-08,$2.01,5.36,3039,99.74%,3031,12.37%,375,2.13%,8,3039,99.74%,3031,100.00%,3031
2022-08-09,$1.70,5.51,6064,55.13%,3343,9.21%,308,3.25%,10,6064,55.13%,3343,100.00%,3343
2022-08-10,$1.69,5.98,3173,90.70%,2878,9.80%,282,7.80%,22,3173,90.70%,2878,100.00%,2878
2022-08-11,$1.33,6.49,2722,92.73%,2524,8.12%,205,11.22%,23,2722,92.73%,2524,100.00%,2524
2022-08-12,$1.20,3.74,2889,99.76%,2882,11.10%,320,2.81%,9,2889,99.76%,2882,100.00%,2882
2022-08-13,$1.86,6.42,2370,99.28%,2353,12.32%,290,9.66%,28,2370,99.28%,2353,100.00%,2353
2022-08-14,$1.08,6.09,3071,99.58%,3058,5.82%,178,2.81%,5,3071,99.58%,3058,100.00%,3058
2022-08-15,$1.40,6.21,2789,96.56%,2693,8.39%,226,5.31%,12,2789,96.56%,2693,100.00%,2693
2022-08-16,$1.50,4.97,2313,98.05%,2268,13.32%,302,5.63%,17,2313,98.05%,2268,100.00%,2268
2022-08-17,$1.16,3.21,2473,99.80%,2468,14.63%,361,3.60%,13,2473,99.80%,2468,100.00%,2468
2022-08-18,$0.72,2.68,2144,96.74%,2074,13.02%,270,1.11%,3,2144,96.74%,2074,100.00%,2074
2022-08-19,$1.31,4.68,2151,99.07%,2131,13.19%,281,4.98%,14,2151,99.07%,2131,100.00%,2131
2022-08-20,$1.35,6.61,2493,97.03%,2419,8.43%,204,7.35%,15,2493,97.39%,2428,99.63%,2419
2022-08-21,$1.62,5.65,2268,99.69%,2261,12.65%,286,2.45%,7,2268,99.69%,2261,100.00%,2261
2022-08-22,$3.25,11.29,12749,18.94%,2415,11.93%,288,20.83%,60,12749,18.94%,2415,100.00%,2415
2022-08-23,$2.00,7.37,2417,99.92%,2415,11.26%,272,1.10%,3,2417,99.92%,2415,100.00%,2415
2022-08-24,$2.06,6.25,2523,99.52%,2511,13.10%,329,4.26%,14,2523,99.52%,2511,100.00%,2511
2022-08-25,$1.32,4.54,3128,99.97%,3127,9.31%,291,6.53%,19,3128,99.97%,3127,100.00%,3127
2022-08-26,$1.36,5.22,2884,99.86%,2880,9.03%,260,3.46%,9,2884,99.86%,2880,100.00%,2880
2022-08-27,$1.50,5.32,2294,99.87%,2291,12.27%,281,1.78%,5,2294,99.87%,2291,100.00%,2291
2022-08-28,$1.67,4.67,2827,98.55%,2786,12.81%,357,4.76%,17,2827,98.55%,2786,100.00%,2786
2022-08-29,$1.64,6.57,2480,98.87%,2452,10.20%,250,2.00%,5,2480,98.87%,2452,100.00%,2452
2022-08-30,$3.11,6.19,3734,99.87%,3729,13.49%,503,3.78%,19,3734,99.87%,3729,100.00%,3729
2022-08-31,$2.53,7.2,4260,87.70%,3736,9.40%,351,3.42%,12,4260,87.70%,3736,100.00%,3736
2022-09-01,$2.58,9.37,2752,95.06%,2616,10.51%,275,3.27%,9,2752,95.06%,2616,100.00%,2616
2022-09-02,$0.88,3.14,2258,100.00%,2258,12.44%,281,2.85%,8,2258,100.00%,2258,100.00%,2258
2022-09-03,$2.59,9.56,2114,99.86%,2111,12.84%,271,3.32%,9,2114,99.86%,2111,100.00%,2111
2022-09-04,$1.74,4.77,2800,99.50%,2786,13.10%,365,7.95%,29,2800,99.50%,2786,100.00%,2786
2022-09-05,$3.06,7.03,3008,98.54%,2964,14.68%,435,2.99%,13,3008,98.54%,2964,100.00%,2964
2022-09-06,$1.51,4.8,2551,96.00%,2449,12.82%,314,2.55%,8,2551,96.04%,2450,99.96%,2449
2022-09-07,$2.55,7.6,3437,94.33%,3242,10.33%,335,4.18%,14,3437,94.33%,3242,100.00%,3242
2022-09-08,$1.73,5.66,2815,98.51%,2773,11.00%,305,2.62%,8,2815,98.51%,2773,100.00%,2773
2022-09-09,$1.98,5.06,3187,95.48%,3043,12.85%,391,2.56%,10,3187,95.48%,3043,100.00%,3043
2022-09-10,$1.69,5.19,2775,85.62%,2376,13.72%,326,0.31%,1,2775,85.62%,2376,100.00%,2376
2022-09-11,$1.00,3.06,3537,99.75%,3528,9.27%,327,1.22%,4,3537,99.75%,3528,100.00%,3528
2022-09-12,$2.53,5.15,3502,86.69%,3036,16.17%,491,2.85%,14,3502,86.69%,3036,100.00%,3036
2022-09-13,$1.32,5.6,6292,59.68%,3755,6.28%,236,5.08%,12,6292,59.68%,3755,100.00%,3755
2022-09-14,$1.59,5.51,4250,70.94%,3015,9.59%,289,1.04%,3,4250,70.96%,3016,99.97%,3015
2022-09-15,$1.82,4.46,2780,94.78%,2635,15.48%,408,1.23%,5,2780,94.78%,2635,100.00%,2635
2022-09-16,$1.87,5.52,3899,80.23%,3128,10.84%,339,2.95%,10,3899,80.23%,3128,100.00%,3128
2022-09-17,$0.98,3.86,2538,99.49%,2525,10.06%,254,4.72%,12,2538,99.49%,2525,100.00%,2525
2022-09-18,$1.64,6.51,2383,98.57%,2349,10.73%,252,4.37%,11,2383,98.57%,2349,100.00%,2349
2022-09-19,$1.66,6.03,2561,97.07%,2486,11.10%,276,4.35%,12,2561,97.07%,2486,100.00%,2486
2022-09-20,$2.51,6.83,2592,99.88%,2589,14.21%,368,4.08%,15,2592,99.88%,2589,100.00%,2589
2022-09-21,$1.86,4.6,2907,94.56%,2749,14.70%,404,3.71%,15,2907,94.56%,2749,100.00%,2749
2022-09-22,$1.47,6.33,2548,99.65%,2539,9.18%,233,5.58%,13,2548,99.65%,2539,100.00%,2539
2022-09-23,$3.35,14.07,2425,98.60%,2391,9.95%,238,2.94%,7,2425,98.64%,2392,99.96%,2391
2022-09-24,$1.16,4.17,3009,94.22%,2835,9.77%,277,4.33%,12,3009,94.22%,2835,100.00%,2835
2022-09-25,$3.38,10.34,2470,97.77%,2415,13.54%,327,4.28%,14,2470,97.77%,2415,100.00%,2415
2022-09-26,$2.74,9.9,2360,99.28%,2343,11.82%,277,7.22%,20,2360,99.28%,2343,100.00%,2343
2022-09-27,$2.32,9.4,4909,99.96%,4907,5.03%,247,3.24%,8,4909,99.96%,4907,100.00%,4907
2022-09-28,$3.32,8.18,3073,98.83%,3037,13.37%,406,2.46%,10,3073,98.89%,3039,99.93%,3037
2022-09-29,$2.74,9.06,2877,98.71%,2840,10.67%,303,5.61%,17,2877,98.71%,2840,100.00%,2840
2022-09-30,$2.61,9.08,4694,48.19%,2262,12.69%,287,2.79%,8,4694,48.19%,2262,100.00%,2262
2022-10-01,$2.81,11.58,3961,63.95%,2533,9.59%,243,7.00%,17,3961,63.95%,2533,100.00%,2533
2022-10-02,$2.60,10.33,3123,87.67%,2738,9.20%,252,2.78%,7,3123,87.67%,2738,100.00%,2738
2022-10-03,$3.06,9.06,2719,94.12%,2559,13.21%,338,7.99%,27,2719,94.12%,2559,100.00%,2559
2022-10-04,$2.52,7.63,2881,75.95%,2188,15.08%,330,6.36%,21,2881,75.95%,2188,100.00%,2188
2022-10-05,$2.15,6.48,2488,94.82%,2359,14.07%,332,5.42%,18,2488,94.82%,2359,100.00%,2359
2022-10-06,$2.17,8.04,2287,96.72%,2212,12.21%,270,3.33%,9,2287,96.72%,2212,100.00%,2212
2022-10-07,$1.75,7.56,2807,94.87%,2663,8.71%,232,5.17%,12,2807,94.87%,2663,100.00%,2663
2022-10-08,$1.31,6.35,2255,97.03%,2188,9.41%,206,3.88%,8,2255,97.03%,2188,100.00%,2188
2022-10-09,$2.06,9.85,2385,95.22%,2271,9.20%,209,5.74%,12,2385,95.22%,2271,100.00%,2271
2022-10-10,$2.04,7.08,3583,85.18%,3052,9.44%,288,9.03%,26,3583,85.18%,3052,100.00%,3052
2022-10-11,$4.28,9.54,2751,92.22%,2537,17.70%,449,2.90%,13,2751,92.22%,2537,100.00%,2537
2022-10-12,$2.52,6.78,3189,71.37%,2276,16.30%,371,2.70%,10,3189,71.37%,2276,100.00%,2276
2022-10-13,$1.31,5.87,2200,96.95%,2133,10.45%,223,3.14%,7,2200,96.95%,2133,100.00%,2133
2022-10-14,$1.35,4.94,2544,97.13%,2471,11.09%,274,1.46%,4,2544,97.13%,2471,100.00%,2471
2022-10-15,$2.18,7.83,2387,95.10%,2270,12.25%,278,5.40%,15,2387,97.78%,2334,97.26%,2270
2022-10-16,$1.75,4.94,2932,92.91%,2724,13.00%,354,3.11%,11,2932,92.94%,2725,99.96%,2724
2022-10-17,$1.52,4.96,2611,89.58%,2339,13.13%,307,1.95%,6,2611,89.62%,2340,99.96%,2339
2022-10-18,$2.38,5.73,3228,67.44%,2177,19.11%,416,5.77%,24,3228,67.44%,2177,100.00%,2177
2022-10-19,$2.53,11.31,2430,98.56%,2395,9.35%,224,5.36%,12,2430,98.56%,2395,100.00%,2395
2022-10-20,$0.93,5.26,2093,98.61%,2064,8.58%,177,0.00%,0,2093,98.61%,2064,100.00%,2064
2022-10-21,$1.64,6.03,1979,92.62%,1833,14.84%,272,4.78%,13,1979,92.62%,1833,100.00%,1833
2022-10-22,$1.73,7,6593,33.58%,2214,11.16%,247,12.55%,31,6593,33.58%,2214,100.00%,2214
2022-10-23,$2.41,7.4,3950,92.25%,3644,8.95%,326,7.06%,23,3950,92.25%,3644,100.00%,3644
2022-10-24,$1.51,5.82,4524,50.57%,2288,11.32%,259,3.47%,9,4524,50.57%,2288,100.00%,2288
2022-10-25,$1.56,7.51,4806,40.10%,1927,10.79%,208,1.92%,4,4806,40.10%,1927,100.00%,1927
2022-10-26,$2.17,8.1,3732,55.55%,2073,12.93%,268,4.10%,11,3732,55.55%,2073,100.00%,2073
2022-10-27,$1.44,5.77,3075,75.58%,2324,10.71%,249,6.43%,16,3075,75.58%,2324,100.00%,2324
2022-10-28,$1.33,3.73,2335,94.43%,2205,16.19%,357,3.92%,14,2335,94.43%,2205,100.00%,2205
2022-10-29,$2.41,8.3,5323,37.50%,1996,14.53%,290,3.10%,9,5323,37.52%,1997,99.95%,1996
2022-10-30,$1.80,5.34,2933,78.62%,2306,14.66%,338,5.03%,17,2933,78.69%,2308,99.91%,2306
2022-10-31,$1.41,5.15,2333,99.44%,2320,11.77%,273,2.20%,6,2333,99.44%,2320,100.00%,2320
2022-11-01,$2.44,10,1996,98.30%,1962,12.44%,244,6.97%,17,1996,98.30%,1962,100.00%,1962
2022-11-02,$1.70,7.67,3279,65.78%,2157,10.29%,222,5.41%,12,3279,65.78%,2157,100.00%,2157
2022-11-03,$2.04,9.35,1999,94.75%,1894,11.51%,218,3.21%,7,1999,94.75%,1894,100.00%,1894
2022-11-04,$1.33,6.31,4474,46.83%,2095,10.02%,210,8.10%,17,4474,46.87%,2097,99.90%,2095
2022-11-05,$1.28,6.22,2168,92.90%,2014,10.23%,206,5.34%,11,2168,92.90%,2014,100.00%,2014
2022-11-06,$1.50,7.82,2766,89.19%,2467,7.78%,192,3.12%,6,2766,89.19%,2467,100.00%,2467
2022-11-07,$1.74,5.45,2360,98.64%,2328,13.70%,319,0.94%,3,2360,98.69%,2329,99.96%,2328
2022-11-08,$1.77,7.09,3432,70.25%,2411,10.33%,249,3.21%,8,3432,70.25%,2411,100.00%,2411
2022-11-09,$2.19,7.61,2998,76.98%,2308,12.48%,288,4.51%,13,2998,77.08%,2311,99.87%,2308
2022-11-10,$2.11,6.82,4233,76.35%,3232,9.56%,309,1.94%,6,4233,76.35%,3232,100.00%,3232
2022-11-11,$2.04,6.48,4764,67.80%,3230,9.75%,315,1.90%,6,4764,67.82%,3231,99.97%,3230
2022-11-12,$1.76,6.3,5313,41.77%,2219,12.57%,279,3.58%,10,5313,41.77%,2219,100.00%,2219
2022-11-13,$1.81,8.82,4132,52.81%,2182,9.40%,205,3.41%,7,4132,52.81%,2182,100.00%,2182
2022-11-14,$2.06,10.4,4537,45.47%,2063,9.60%,198,6.57%,13,4537,45.49%,2064,99.95%,2063
2022-11-15,$1.36,6.57,7027,38.72%,2721,7.61%,207,2.42%,5,7027,38.74%,2722,99.96%,2721
2022-11-16,$1.13,5.31,3384,55.61%,1882,11.26%,212,2.83%,6,3384,55.61%,1882,100.00%,1882
2022-11-17,$1.48,9.63,3182,75.55%,2404,6.41%,154,6.49%,10,3182,75.74%,2410,99.75%,2404
2022-11-18,$3.40,12.47,4289,56.98%,2444,11.17%,273,2.93%,8,4289,57.08%,2448,99.84%,2444
2022-11-19,$2.13,7.4,2689,75.90%,2041,14.11%,288,9.38%,27,2689,75.90%,2041,100.00%,2041
2022-11-20,$2.29,9.23,5345,45.18%,2415,10.27%,248,22.58%,56,5345,45.18%,2415,100.00%,2415
2022-11-21,$2.26,13.52,3162,69.77%,2206,7.57%,167,9.58%,16,3162,69.77%,2206,100.00%,2206
2022-11-22,$2.43,10.14,3228,68.96%,2226,10.78%,240,3.75%,9,3228,68.96%,2226,100.00%,2226
2022-11-23,$1.07,8.74,2304,82.94%,1911,6.38%,122,1.64%,2,2304,82.94%,1911,100.00%,1911
2022-11-24,$1.74,8.62,2645,76.33%,2019,10.00%,202,4.46%,9,2645,76.33%,2019,100.00%,2019
2022-11-25,$2.97,14.26,3760,80.90%,3042,6.84%,208,6.73%,14,3760,80.90%,3042,100.00%,3042
2022-11-26,$3.32,9.53,2439,95.33%,2325,15.01%,349,2.29%,8,2439,95.33%,2325,100.00%,2325
2022-11-27,$1.52,5.73,2688,70.16%,1886,14.10%,266,1.88%,5,2688,70.16%,1886,100.00%,1886
2022-11-28,$1.22,5.97,2824,62.32%,1760,11.65%,205,4.39%,9,2824,62.32%,1760,100.00%,1760
2022-11-29,$2.48,12.36,1960,98.37%,1928,10.43%,201,3.98%,8,1960,98.37%,1928,100.00%,1928
2022-11-30,$2.89,12.4,15939,13.55%,2160,10.79%,233,6.87%,16,15939,13.55%,2160,100.00%,2160
2022-12-01,$2.74,15.06,2460,83.74%,2060,8.83%,182,3.30%,6,2460,83.74%,2060,100.00%,2060
2022-12-02,$1.50,12.97,3174,50.50%,1603,7.24%,116,14.66%,17,3174,50.50%,1603,100.00%,1603
2022-12-03,$4.10,17.39,2931,71.37%,2092,11.28%,236,7.63%,18,2931,71.37%,2092,100.00%,2092
2022-12-04,$1.58,8.53,2347,84.32%,1979,9.35%,185,9.19%,17,2347,84.32%,1979,100.00%,1979
2022-12-05,$1.58,8.84,2343,73.15%,1714,10.44%,179,7.26%,13,2343,73.15%,1714,100.00%,1714
2022-12-06,$1.74,7.56,3827,50.90%,1948,11.81%,230,6.09%,14,3827,50.90%,1948,100.00%,1948
2022-12-07,$1.24,4.83,3221,57.84%,1863,13.79%,257,2.72%,7,3221,57.84%,1863,100.00%,1863
2022-12-08,$1.61,7.92,3613,56.71%,2049,9.91%,203,9.36%,19,3613,56.71%,2049,100.00%,2049
2022-12-09,$1.68,11.07,2067,85.82%,1774,8.57%,152,3.95%,6,2067,85.82%,1774,100.00%,1774
2022-12-10,$1.80,10.26,2340,97.18%,2274,7.70%,175,4.57%,8,2340,97.18%,2274,100.00%,2274
2022-12-11,$1.12,11.22,2273,77.30%,1757,5.69%,100,7.00%,7,2273,77.30%,1757,100.00%,1757
2022-12-12,$2.00,10.82,2176,84.38%,1836,10.08%,185,3.78%,7,2176,84.38%,1836,100.00%,1836
2022-12-13,$1.79,12.77,4727,38.40%,1815,7.71%,140,5.71%,8,4727,38.40%,1815,100.00%,1815
2022-12-14,$1.34,8.92,2946,74.47%,2194,6.84%,150,3.33%,5,2946,74.47%,2194,100.00%,2194
2022-12-15,$3.29,20.21,2112,85.84%,1813,8.99%,163,11.04%,18,2112,85.84%,1813,100.00%,1813
2022-12-16,$1.22,9.73,3345,50.94%,1704,7.34%,125,6.40%,8,3345,50.94%,1704,100.00%,1704
2022-12-17,$1.57,7.22,7610,40.33%,3069,7.10%,218,3.21%,7,7610,40.33%,3069,100.00%,3069
2022-12-18,$1.80,7.73,4299,50.41%,2167,10.75%,233,9.87%,23,4299,50.41%,2167,100.00%,2167
2022-12-19,$2.24,13.34,2781,84.57%,2352,7.14%,168,5.36%,9,2781,84.57%,2352,100.00%,2352
2022-12-20,$1.76,8.3,3226,74.02%,2388,8.88%,212,3.30%,7,3226,74.05%,2389,99.96%,2388
2022-12-21,$1.58,9.28,2352,91.79%,2159,7.87%,170,4.12%,7,2352,91.79%,2159,100.00%,2159
2022-12-22,$2.27,15.89,2802,68.92%,1931,7.41%,143,11.89%,17,2802,68.92%,1931,100.00%,1931
2022-12-23,$2.35,16.31,2206,74.61%,1646,8.75%,144,14.58%,21,2206,74.66%,1647,99.94%,1646
2022-12-24,$1.14,11.27,2255,69.53%,1568,6.44%,101,5.94%,6,2255,69.53%,1568,100.00%,1568
2022-12-25,$1.34,7.63,3215,70.26%,2259,7.79%,176,5.11%,9,3215,70.26%,2259,100.00%,2259
2022-12-26,$1.43,6.2,3164,79.80%,2525,9.11%,230,2.17%,5,3164,79.80%,2525,100.00%,2525
2022-12-27,$2.13,8.42,6922,31.64%,2190,11.55%,253,6.32%,16,6922,31.64%,2190,100.00%,2190
2022-12-28,$2.56,11.29,2886,85.76%,2475,9.17%,227,4.85%,11,2886,85.76%,2475,100.00%,2475
2022-12-29,$2.09,9.45,2283,93.30%,2130,10.38%,221,7.69%,17,2283,93.30%,2130,100.00%,2130
2022-12-30,$1.80,9.7,5838,33.52%,1957,9.50%,186,8.06%,15,5838,33.52%,1957,100.00%,1957
2022-12-31,$1.19,7.65,3513,53.89%,1893,8.19%,155,3.87%,6,3513,53.89%,1893,100.00%,1893
2023-01-01,$0.99,6.85,2982,77.97%,2325,6.24%,145,11.03%,16,2982,77.97%,2325,100.00%,2325
2023-01-02,$1.88,5.96,6888,33.16%,2284,13.84%,316,1.90%,6,6888,33.16%,2284,100.00%,2284
2023-01-03,$2.90,11.64,10384,23.56%,2446,10.18%,249,3.61%,9,10384,23.56%,2446,100.00%,2446
2023-01-04,$1.41,8.17,2745,67.58%,1855,9.33%,173,6.36%,11,2745,67.58%,1855,100.00%,1855
2023-01-05,$1.53,7.27,2876,77.05%,2216,9.48%,210,3.33%,7,2876,77.05%,2216,100.00%,2216
2023-01-06,$1.28,6.58,2358,69.38%,1636,11.86%,194,4.12%,8,2358,69.38%,1636,100.00%,1636
2023-01-07,$1.36,7.17,4679,35.97%,1683,11.29%,190,10.00%,19,4679,35.97%,1683,100.00%,1683
2023-01-08,$1.19,4.27,6067,27.18%,1649,16.86%,278,1.80%,5,6067,27.18%,1649,100.00%,1649
2023-01-09,$1.61,8.35,5501,33.21%,1827,10.56%,193,0.00%,0,5501,33.21%,1827,100.00%,1827
2023-01-10,$1.75,6.52,4667,37.99%,1773,15.17%,269,2.60%,7,4667,37.99%,1773,100.00%,1773
2023-01-11,$1.88,8.92,3988,43.10%,1719,12.27%,211,2.84%,6,3988,43.10%,1719,100.00%,1719
2023-01-12,$1.74,9.76,8958,19.98%,1790,9.94%,178,6.18%,11,8958,19.98%,1790,100.00%,1790
2023-01-13,$2.55,12.5,10784,17.06%,1840,11.09%,204,9.80%,20,10784,17.06%,1840,100.00%,1840
2023-01-14,$1.66,7.42,8163,23.01%,1878,11.93%,224,6.70%,15,8163,23.01%,1878,100.00%,1878
2023-01-15,$1.59,7.66,5956,25.49%,1518,13.70%,208,2.88%,6,5956,25.49%,1518,100.00%,1518
2023-01-16,$1.57,10.34,6941,20.50%,1423,10.68%,152,3.95%,6,6941,20.50%,1423,100.00%,1423
2023-01-17,$1.36,9.56,6421,19.67%,1263,11.24%,142,2.82%,4,6421,19.67%,1263,100.00%,1263
2023-01-18,$1.16,7.6,9103,15.25%,1388,10.95%,152,0.00%,0,9103,15.25%,1388,100.00%,1388
2023-01-19,$1.18,4.49,7625,21.68%,1653,15.91%,263,4.56%,12,7625,21.68%,1653,100.00%,1653
2023-01-20,$1.52,8.92,7863,20.16%,1585,10.73%,170,4.12%,7,7863,20.16%,1585,100.00%,1585
2023-01-21,$0.78,5.37,8121,15.93%,1294,11.28%,146,2.74%,4,8121,15.93%,1294,100.00%,1294
2023-01-22,$1.47,7.82,5192,30.53%,1585,11.86%,188,1.60%,3,5192,30.53%,1585,100.00%,1585
2023-01-23,$2.41,13,3991,38.41%,1533,12.07%,185,2.70%,5,3991,38.41%,1533,100.00%,1533
2023-01-24,$0.89,6.93,2496,83.53%,2085,6.19%,129,4.65%,6,2496,83.53%,2085,100.00%,2085
2023-01-25,$0.98,6.88,6482,19.30%,1251,11.43%,143,0.70%,1,6482,19.30%,1251,100.00%,1251
2023-01-26,$0.84,5,8487,15.05%,1277,13.16%,168,2.98%,5,8487,15.05%,1277,100.00%,1277
2023-01-27,$1.06,8.33,6345,24.18%,1534,8.28%,127,1.57%,2,6345,24.18%,1534,100.00%,1534
2023-01-28,$2.14,14.19,2666,62.57%,1668,9.05%,151,6.62%,10,2666,62.57%,1668,100.00%,1668
2023-01-29,$1.59,13.39,5888,37.28%,2195,5.42%,119,2.52%,3,5888,37.28%,2195,100.00%,2195
2023-01-30,$1.54,10.8,3753,47.96%,1800,7.94%,143,4.90%,7,3753,47.96%,1800,100.00%,1800
2023-01-31,$1.38,12.22,1799,94.89%,1707,6.62%,113,4.42%,5,1799,94.89%,1707,100.00%,1707
2023-02-01,$0.80,6.14,1474,76.32%,1125,11.64%,131,3.82%,5,1474,76.32%,1125,100.00%,1125
2023-02-02,$1.06,6.27,4618,25.23%,1165,14.51%,169,3.55%,6,4618,25.23%,1165,100.00%,1165
2023-02-03,$0.92,3.95,1836,81.15%,1490,15.57%,232,2.16%,5,1836,81.15%,1490,100.00%,1490
2023-02-04,$1.05,10.44,2073,64.40%,1335,7.57%,101,3.96%,4,2073,64.40%,1335,100.00%,1335
2023-02-05,$0.86,5.15,2534,53.47%,1355,12.40%,168,2.38%,4,2534,53.47%,1355,100.00%,1355
2023-02-06,$1.75,13.71,1939,71.63%,1389,9.22%,128,3.91%,5,1939,71.63%,1389,100.00%,1389
2023-02-07,$0.76,6.22,1604,81.23%,1303,9.36%,122,0.82%,1,1604,81.23%,1303,100.00%,1303
2023-02-08,$2.98,17.97,3050,43.97%,1341,12.38%,166,3.01%,5,3050,43.97%,1341,100.00%,1341
2023-02-09,$1.39,6.43,2009,76.85%,1544,13.99%,216,2.78%,6,2009,76.85%,1544,100.00%,1544
2023-02-10,$0.91,4.96,1608,87.75%,1411,13.04%,184,1.63%,3,1608,87.75%,1411,100.00%,1411
2023-02-11,$1.04,9.77,1393,83.92%,1169,9.07%,106,5.66%,6,1393,83.92%,1169,100.00%,1169
2023-02-12,$1.65,11.64,1468,82.02%,1204,11.79%,142,2.11%,3,1468,82.02%,1204,100.00%,1204
2023-02-13,$1.01,7.51,1916,70.88%,1358,9.94%,135,2.22%,3,1916,70.88%,1358,100.00%,1358
2023-02-14,$1.15,15.08,4070,65.43%,2663,2.85%,76,1.32%,1,4070,65.43%,2663,100.00%,2663
2023-02-15,$0.79,5.9,975,91.28%,890,15.06%,134,0.00%,0,975,91.28%,890,100.00%,890
2023-02-16,$0.77,4.59,1500,87.40%,1311,12.74%,167,0.60%,1,1500,87.40%,1311,100.00%,1311
2023-02-17,$1.11,10.76,1680,56.90%,956,10.77%,103,2.91%,3,1680,56.90%,956,100.00%,956
2023-02-18,$0.78,10.46,2745,71.99%,1976,3.80%,75,5.33%,4,2745,71.99%,1976,100.00%,1976
2023-02-19,$0.80,5.08,2137,55.59%,1188,13.30%,158,3.80%,6,2137,55.59%,1188,100.00%,1188
2023-02-20,$0.90,6.2,3060,39.35%,1204,12.04%,145,2.07%,3,3060,39.35%,1204,100.00%,1204
2023-02-21,$1.23,9.75,1963,83.04%,1630,7.73%,126,3.97%,5,1963,83.04%,1630,100.00%,1630
2023-02-22,$1.16,8.89,2430,57.53%,1398,9.37%,131,7.63%,10,2430,57.53%,1398,100.00%,1398
2023-02-23,$1.22,5.56,2409,62.43%,1504,14.63%,220,4.55%,10,2409,62.43%,1504,100.00%,1504
2023-02-24,$0.67,4.59,2042,59.35%,1212,11.96%,145,4.83%,7,2042,59.35%,1212,100.00%,1212
2023-02-25,$1.19,3.76,7213,21.93%,1582,19.91%,315,4.44%,14,7213,21.93%,1582,100.00%,1582
2023-02-26,$0.85,6.51,2022,66.12%,1337,9.80%,131,9.92%,13,2022,66.12%,1337,100.00%,1337
2023-02-27,$0.64,3.89,3589,42.63%,1530,10.72%,164,0.61%,1,3589,42.63%,1530,100.00%,1530
2023-02-28,$1.13,5.36,2093,68.28%,1429,14.70%,210,0.95%,2,2093,68.28%,1429,100.00%,1429
2023-03-01,$1.34,6.91,3719,34.31%,1276,15.20%,194,4.12%,8,3719,34.31%,1276,100.00%,1276
2023-03-02,$1.36,10.74,1689,78.86%,1332,9.53%,127,18.90%,24,1689,78.92%,1333,99.92%,1332
2023-03-03,$1.22,8.94,2674,43.72%,1169,11.63%,136,4.41%,6,2674,43.72%,1169,100.00%,1169
2023-03-04,$0.82,7.25,1441,90.15%,1299,8.70%,113,5.31%,6,1441,90.15%,1299,100.00%,1299
2023-03-05,$1.88,8.78,1582,88.75%,1404,15.24%,214,5.61%,12,1582,88.75%,1404,100.00%,1404
2023-03-06,$2.12,14.41,2190,85.11%,1864,7.89%,147,10.20%,15,2190,85.11%,1864,100.00%,1864
2023-03-07,$1.89,13.4,2777,72.60%,2016,6.99%,141,5.67%,8,2777,72.60%,2016,100.00%,2016
2023-03-08,$2.06,14.92,2651,50.74%,1345,10.26%,138,7.97%,11,2651,50.74%,1345,100.00%,1345
2023-03-09,$1.56,9.34,3330,44.17%,1471,11.35%,167,5.39%,9,3330,44.17%,1471,100.00%,1471
2023-03-10,$0.86,6.49,2013,63.24%,1273,10.37%,132,4.55%,6,2013,63.24%,1273,100.00%,1273
2023-03-11,$1.45,5.44,1437,91.16%,1310,20.31%,266,2.26%,6,1437,91.16%,1310,100.00%,1310
2023-03-12,$1.04,6.47,1475,92.47%,1364,11.80%,161,2.48%,4,1475,92.47%,1364,100.00%,1364
2023-03-13,$1.47,10.65,2230,85.29%,1902,7.26%,138,1.45%,2,2230,85.29%,1902,100.00%,1902
2023-03-14,$1.11,7.93,1897,61.73%,1171,11.96%,140,5.00%,7,1897,61.73%,1171,100.00%,1171
2023-03-15,$1.23,7.14,1701,96.77%,1646,10.45%,172,1.74%,3,1701,96.77%,1646,100.00%,1646
2023-03-16,$1.47,11.45,1402,83.17%,1166,10.98%,128,2.34%,3,1402,83.17%,1166,100.00%,1166
2023-03-17,$1.05,7.7,1509,83.76%,1264,10.84%,137,1.46%,2,1509,83.76%,1264,100.00%,1264
2023-03-18,$1.91,9.66,3999,31.78%,1271,15.58%,198,5.05%,10,3999,31.78%,1271,100.00%,1271
2023-03-19,$1.41,9.19,1834,72.41%,1328,11.52%,153,9.15%,14,1834,72.41%,1328,100.00%,1328
2023-03-20,$1.34,6.65,3005,51.65%,1552,12.95%,201,10.95%,22,3005,51.65%,1552,100.00%,1552
2023-03-21,$1.74,10.25,3561,39.88%,1420,11.97%,170,7.06%,12,3561,39.88%,1420,100.00%,1420
2023-03-22,$1.34,11.64,2472,43.97%,1087,10.58%,115,5.22%,6,2472,43.97%,1087,100.00%,1087
2023-03-23,$1.96,9.8,11020,12.83%,1414,14.14%,200,4.00%,8,11020,12.83%,1414,100.00%,1414
2023-03-24,$1.75,11.89,1903,73.73%,1403,10.48%,147,4.08%,6,1903,73.73%,1403,100.00%,1403
2023-03-25,$1.76,7.78,2176,77.85%,1694,13.34%,226,8.85%,20,2176,77.85%,1694,100.00%,1694
2023-03-26,$1.35,8.01,1541,98.31%,1515,11.16%,169,6.51%,11,1541,98.31%,1515,100.00%,1515
2023-03-27,$1.90,10.98,3986,37.38%,1490,11.61%,173,6.36%,11,3986,37.38%,1490,100.00%,1490
2023-03-28,$1.83,7.85,1587,99.37%,1577,14.77%,233,3.00%,7,1587,99.37%,1577,100.00%,1577
2023-03-29,$2.52,10.41,8634,17.47%,1508,16.05%,242,4.55%,11,8634,17.47%,1508,100.00%,1508
2023-03-30,$2.19,14.77,3449,39.23%,1353,10.94%,148,4.73%,7,3449,39.23%,1353,100.00%,1353
2023-03-31,$2.77,14.89,6184,23.95%,1481,12.56%,186,2.69%,5,6184,23.98%,1483,99.87%,1481
2023-04-01,$1.69,10.54,2444,62.36%,1524,10.50%,160,13.75%,22,2444,62.36%,1524,100.00%,1524
2023-04-02,$1.53,8.48,2003,73.54%,1473,12.22%,180,1.67%,3,2003,73.54%,1473,100.00%,1473
2023-04-03,$1.57,7.12,2616,73.85%,1932,11.39%,220,3.64%,8,2616,73.85%,1932,100.00%,1932
2023-04-04,$2.51,10.23,6174,26.74%,1651,14.84%,245,4.08%,10,6174,26.74%,1651,100.00%,1651
2023-04-05,$6.13,40.07,3932,34.46%,1355,11.29%,153,11.11%,17,3932,34.46%,1355,100.00%,1355
2023-04-06,$2.38,9.98,10997,13.96%,1535,15.50%,238,1.68%,4,10997,13.96%,1535,100.00%,1535
2023-04-07,$1.82,10.21,4478,29.21%,1308,13.61%,178,4.49%,8,4478,29.23%,1309,99.92%,1308
2023-04-08,$1.13,5.13,5576,24.61%,1372,16.11%,221,3.17%,7,5576,24.61%,1372,100.00%,1372
2023-04-09,$1.01,6.67,2704,47.00%,1271,11.96%,152,11.84%,18,2704,47.00%,1271,100.00%,1271
2023-04-10,$1.40,8.85,6254,24.77%,1549,10.20%,158,1.90%,3,6254,24.77%,1549,100.00%,1549
2023-04-11,$1.31,10.99,8468,15.39%,1303,9.13%,119,1.68%,2,8468,15.39%,1303,100.00%,1303
2023-04-12,$1.23,8.19,7639,34.34%,2623,5.72%,150,3.33%,5,7639,34.34%,2623,100.00%,2623
2023-04-13,$1.73,11.25,5745,20.05%,1152,13.37%,154,4.55%,7,5745,20.05%,1152,100.00%,1152
2023-04-14,$1.21,8.2,5726,23.17%,1327,11.15%,148,2.70%,4,5726,23.17%,1327,100.00%,1327
2023-04-15,$1.17,11.29,7581,16.50%,1251,8.31%,104,18.27%,19,7581,16.50%,1251,100.00%,1251
2023-04-16,$1.49,11.24,3929,33.09%,1300,10.23%,133,2.26%,3,3929,33.09%,1300,100.00%,1300
2023-04-17,$0.83,4.69,2691,44.00%,1184,14.86%,176,2.27%,4,2691,44.00%,1184,100.00%,1184
2023-04-18,$1.10,8.09,2529,85.61%,2165,6.28%,136,3.68%,5,2529,85.61%,2165,100.00%,2165
2023-04-19,$1.22,13.86,1481,85.28%,1263,6.97%,88,2.27%,2,1481,85.28%,1263,100.00%,1263
2023-04-20,$1.05,11.08,1948,66.32%,1292,7.35%,95,26.32%,25,1948,66.32%,1292,100.00%,1292
2023-04-21,$1.22,6.03,8379,39.93%,3346,6.07%,203,5.91%,12,8379,39.93%,3346,100.00%,3346
2023-04-22,$1.00,4.66,6129,17.82%,1092,19.69%,215,1.40%,3,6129,17.82%,1092,100.00%,1092
2023-04-23,$1.26,12.45,3924,34.35%,1348,7.49%,101,11.88%,12,3924,34.35%,1348,100.00%,1348
2023-04-24,$1.31,15.95,7768,13.38%,1039,7.89%,82,9.76%,8,7768,13.38%,1039,100.00%,1039
2023-04-25,$1.34,30.5,4695,16.51%,775,5.68%,44,6.82%,3,4695,16.51%,775,100.00%,775
2023-04-26,$0.89,5.07,8767,13.29%,1165,15.02%,175,6.29%,11,8767,13.29%,1165,100.00%,1165
2023-04-27,$1.08,9.91,3802,24.96%,949,11.49%,109,3.67%,4,3802,24.96%,949,100.00%,949
2023-04-28,$2.79,23.65,6999,15.52%,1086,10.87%,118,18.64%,22,6999,15.52%,1086,100.00%,1086
2023-04-29,$3.03,22.94,9313,12.96%,1207,10.94%,132,8.33%,11,9313,12.96%,1207,100.00%,1207
2023-04-30,$2.10,10.16,3366,37.11%,1249,16.57%,207,3.86%,8,3366,37.11%,1249,100.00%,1249
2023-05-01,$2.76,17.14,3006,33.73%,1014,15.88%,161,8.70%,14,3006,33.73%,1014,100.00%,1014
2023-05-02,$1.38,11.76,1537,63.89%,982,11.91%,117,4.27%,5,1537,63.89%,982,100.00%,982
2023-05-03,$1.35,7.52,2947,36.27%,1069,16.84%,180,3.33%,6,2947,36.27%,1069,100.00%,1069
2023-05-04,$1.31,7.68,3399,33.30%,1132,15.11%,171,5.26%,9,3399,33.30%,1132,100.00%,1132
2023-05-05,$1.92,14.91,1882,56.48%,1063,12.14%,129,9.30%,12,1882,56.48%,1063,100.00%,1063
2023-05-06,$1.92,17.33,4686,21.70%,1017,10.91%,111,15.32%,17,4686,21.70%,1017,100.00%,1017
2023-05-07,$1.75,11.56,1578,72.94%,1151,13.12%,151,0.66%,1,1578,72.94%,1151,100.00%,1151
2023-05-08,$1.20,13.08,1837,56.18%,1032,8.91%,92,5.43%,5,1837,56.18%,1032,100.00%,1032
2023-05-09,$1.06,15.07,1286,87.79%,1129,6.20%,70,5.71%,4,1286,87.79%,1129,100.00%,1129
2023-05-10,$2.64,26.67,2330,85.36%,1989,4.98%,99,10.10%,10,2330,85.36%,1989,100.00%,1989
2023-05-11,$1.31,15.35,1133,88.44%,1002,8.48%,85,4.71%,4,1133,88.44%,1002,100.00%,1002
2023-05-12,$0.88,6.66,3854,30.33%,1169,11.29%,132,4.55%,6,3854,30.33%,1169,100.00%,1169
2023-05-13,$0.89,6,2130,63.33%,1349,11.05%,149,2.68%,4,2130,63.33%,1349,100.00%,1349
2023-05-14,$1.55,5.77,2360,59.07%,1394,19.23%,268,7.46%,20,2360,59.07%,1394,100.00%,1394
2023-05-15,$3.11,22.41,2871,43.68%,1254,11.08%,139,3.60%,5,2871,43.68%,1254,100.00%,1254
2023-05-16,$1.77,17.22,1524,75.20%,1146,8.99%,103,10.68%,11,1524,75.20%,1146,100.00%,1146
2023-05-17,$1.73,11.72,4833,27.77%,1342,11.03%,148,18.24%,27,4833,27.77%,1342,100.00%,1342
2023-05-18,$1.02,4.41,2291,61.33%,1405,16.51%,232,3.02%,7,2291,61.33%,1405,100.00%,1405
2023-05-19,$0.64,3.49,2233,75.82%,1693,10.87%,184,4.89%,9,2233,75.82%,1693,100.00%,1693
2023-05-20,$1.31,6.66,1850,78.11%,1445,13.56%,196,6.12%,12,1850,78.11%,1445,100.00%,1445
2023-05-21,$1.18,8.32,2751,57.36%,1578,9.00%,142,16.90%,24,2751,57.36%,1578,100.00%,1578
2023-05-22,$1.65,17.78,1449,84.06%,1218,7.64%,93,13.98%,13,1449,84.06%,1218,100.00%,1218
2023-05-23,$2.16,11.41,5308,29.26%,1553,12.17%,189,5.29%,10,5308,29.26%,1553,100.00%,1553
2023-05-24,$1.03,10.16,1680,70.71%,1188,8.50%,101,5.94%,6,1680,70.71%,1188,100.00%,1188
2023-05-25,$1.75,13.19,1448,84.39%,1222,10.88%,133,7.52%,10,1448,84.39%,1222,100.00%,1222
2023-05-26,$1.51,9.29,2498,53.24%,1330,12.18%,162,11.73%,19,2498,53.24%,1330,100.00%,1330
2023-05-27,$1.68,8.5,1489,98.79%,1471,13.46%,198,5.05%,10,1489,98.79%,1471,100.00%,1471
2023-05-28,$1.51,6.16,1524,97.18%,1481,16.61%,246,6.50%,16,1524,97.18%,1481,100.00%,1481
2023-05-29,$2.53,13.25,5318,54.76%,2912,6.56%,191,5.24%,10,5318,54.76%,2912,100.00%,2912
2023-05-30,$2.14,11.59,1514,87.71%,1328,13.93%,185,3.78%,7,1514,87.71%,1328,100.00%,1328
2023-05-31,$1.16,8.44,1374,90.68%,1246,11.00%,137,6.57%,9,1374,90.68%,1246,100.00%,1246
2023-06-01,$0.88,9.3,1086,98.07%,1065,8.92%,95,1.05%,1,1086,98.07%,1065,100.00%,1065
2023-06-02,$1.27,7.41,1644,82.42%,1355,12.69%,172,3.49%,6,1644,82.54%,1357,99.85%,1355
2023-06-03,$1.95,14.37,2196,55.28%,1214,11.20%,136,2.94%,4,2196,55.28%,1214,100.00%,1214
2023-06-04,$1.54,8.83,2509,63.45%,1592,10.93%,174,4.60%,8,2509,63.45%,1592,100.00%,1592
2023-06-05,$2.18,12.39,1858,78.63%,1461,12.05%,176,10.80%,19,1858,78.63%,1461,100.00%,1461
2023-06-06,$1.76,15.83,1761,83.53%,1471,7.55%,111,9.91%,11,1761,83.53%,1471,100.00%,1471
2023-06-07,$2.26,15.94,1261,93.50%,1179,12.04%,142,2.82%,4,1261,93.50%,1179,100.00%,1179
2023-06-08,$1.87,16.42,3911,31.76%,1242,9.18%,114,6.14%,7,3911,31.76%,1242,100.00%,1242
2023-06-09,$2.50,16.1,1843,84.10%,1550,10.00%,155,10.32%,16,1843,84.10%,1550,100.00%,1550
2023-06-10,$1.87,10.04,1244,100.00%,1244,14.95%,186,8.06%,15,1244,100.00%,1244,100.00%,1244
2023-06-11,$2.77,18.32,1682,97.03%,1632,9.25%,151,1.32%,2,1682,97.03%,1632,100.00%,1632
2023-06-12,$1.51,9.14,1480,81.62%,1208,13.66%,165,4.24%,7,1480,81.62%,1208,100.00%,1208
2023-06-13,$2.15,14.06,1534,90.68%,1391,11.00%,153,13.07%,20,1534,90.68%,1391,100.00%,1391
2023-06-14,$7.09,31.64,1679,99.34%,1668,13.43%,224,4.46%,10,1679,99.34%,1668,100.00%,1668
2023-06-15,$4.54,17.46,2045,85.67%,1752,14.84%,260,1.54%,4,2045,85.67%,1752,100.00%,1752
2023-06-16,$4.20,19.44,1681,95.12%,1599,13.51%,216,6.02%,13,1681,95.12%,1599,100.00%,1599
2023-06-17,$2.07,7.34,1838,85.58%,1573,17.93%,282,2.84%,8,1838,85.58%,1573,100.00%,1573
2023-06-18,$24.66,50.85,3472,87.99%,3055,15.88%,485,2.27%,11,3472,87.99%,3055,100.00%,3055
2023-06-19,$73.88,87.13,6777,96.19%,6519,13.01%,848,4.72%,40,6777,96.19%,6519,100.00%,6519
2023-06-20,$71.24,90.75,6036,95.10%,5740,13.68%,785,4.71%,37,6036,95.10%,5740,100.00%,5740
2023-06-21,$49.40,111.75,3518,99.40%,3497,12.64%,442,1.58%,7,3518,99.40%,3497,100.00%,3497
2023-06-22,$38.11,78.09,3543,97.74%,3463,14.09%,488,4.10%,20,3543,97.74%,3463,100.00%,3463
2023-06-23,$25.89,68.31,3799,98.53%,3743,10.13%,379,2.37%,9,3799,98.53%,3743,100.00%,3743
2023-06-24,$25.94,60.05,3000,95.60%,2868,15.06%,432,4.17%,18,3000,95.60%,2868,100.00%,2868
2023-06-25,$16.42,54.92,2553,99.10%,2530,11.82%,299,3.01%,9,2553,99.10%,2530,100.00%,2530
2023-06-26,$10.71,37.19,2817,89.17%,2512,11.46%,288,5.21%,15,2817,89.17%,2512,100.00%,2512
2023-06-27,$10.58,40.53,2723,97.21%,2647,9.86%,261,1.15%,3,2723,97.21%,2647,100.00%,2647
2023-06-28,$14.78,52.59,2767,91.80%,2540,11.06%,281,1.78%,5,2767,91.80%,2540,100.00%,2540
2023-06-29,$12.87,39.6,2972,81.29%,2416,13.45%,325,2.77%,9,2972,81.29%,2416,100.00%,2416
2023-06-30,$12.40,56.34,2485,83.78%,2082,10.57%,220,2.27%,5,2485,83.78%,2082,100.00%,2082
2023-07-01,$13.25,39.09,3391,74.23%,2517,13.47%,339,4.42%,15,3391,74.23%,2517,100.00%,2517
2023-07-02,$12.00,33.7,4446,54.66%,2430,14.65%,356,4.49%,16,4446,54.66%,2430,100.00%,2430
2023-07-03,$13.16,40.75,7552,37.84%,2858,11.30%,323,4.02%,13,7552,37.86%,2859,99.97%,2858
2023-07-04,$16.57,51.48,8914,28.63%,2552,12.62%,322,4.35%,14,8914,28.63%,2552,100.00%,2552
2023-07-05,$13.18,56.83,6565,35.54%,2333,9.94%,232,7.33%,17,6565,35.54%,2333,100.00%,2333
2023-07-06,$10.38,33.48,4431,65.04%,2882,10.76%,310,2.26%,7,4431,65.04%,2882,100.00%,2882
2023-07-07,$7.01,25.22,4257,46.04%,1960,14.18%,278,5.76%,16,4257,46.04%,1960,100.00%,1960
2023-07-08,$12.25,55.42,4632,43.87%,2032,10.88%,221,5.88%,13,4632,43.87%,2032,100.00%,2032
2023-07-09,$13.22,64.5,6121,38.00%,2326,8.81%,205,3.41%,7,6121,38.00%,2326,100.00%,2326
2023-07-10,$8.72,47.14,4778,38.30%,1830,10.11%,185,5.95%,11,4778,38.30%,1830,100.00%,1830
2023-07-11,$11.51,48.97,12674,30.11%,3816,6.16%,235,5.96%,14,12674,30.11%,3816,100.00%,3816
2023-07-12,$11.78,61.02,9887,19.73%,1951,9.89%,193,3.11%,6,9887,19.73%,1951,100.00%,1951
2023-07-13,$6.91,37.78,6105,29.01%,1771,10.33%,183,8.20%,15,6105,29.01%,1771,100.00%,1771
2023-07-14,$5.60,44.42,4620,33.35%,1541,8.18%,126,5.56%,7,4620,33.35%,1541,100.00%,1541
2023-07-15,$4.79,30.92,6558,24.09%,1580,9.81%,155,3.87%,6,6558,24.09%,1580,100.00%,1580
2023-07-16,$8.20,45.79,3958,45.07%,1784,10.03%,179,2.79%,5,3958,45.07%,1784,100.00%,1784
2023-07-17,$4.63,35.32,4493,34.83%,1565,8.37%,131,2.29%,3,4493,34.83%,1565,100.00%,1565
2023-07-18,$3.33,21.89,4613,31.82%,1468,10.35%,152,1.97%,3,4613,31.82%,1468,100.00%,1468
2023-07-19,$3.47,30.98,2663,52.35%,1394,8.03%,112,8.04%,9,2663,52.35%,1394,100.00%,1394
2023-07-20,$6.40,36.98,6380,34.45%,2198,7.87%,173,1.16%,2,6380,34.45%,2198,100.00%,2198
2023-07-21,$5.90,34.91,4118,38.37%,1580,10.70%,169,8.88%,15,4118,38.37%,1580,100.00%,1580
2023-07-22,$7.46,39.03,4845,41.88%,2029,9.41%,191,7.85%,15,4845,41.88%,2029,100.00%,2029
2023-07-23,$1.67,34.86,637,79.59%,507,9.47%,48,2.08%,1,637,79.59%,507,100.00%,507